-- MySQL dump 10.13  Distrib 5.7.34, for Linux (x86_64)
--
-- Host: localhost    Database: pose-wcmp-rel
-- ------------------------------------------------------
-- Server version	5.7.34

/*!40101 SET @OLD_CHARACTER_SET_CLIENT=@@CHARACTER_SET_CLIENT */;
/*!40101 SET @OLD_CHARACTER_SET_RESULTS=@@CHARACTER_SET_RESULTS */;
/*!40101 SET @OLD_COLLATION_CONNECTION=@@COLLATION_CONNECTION */;
/*!40101 SET NAMES utf8 */;
/*!40103 SET @OLD_TIME_ZONE=@@TIME_ZONE */;
/*!40103 SET TIME_ZONE='+00:00' */;
/*!40014 SET @OLD_UNIQUE_CHECKS=@@UNIQUE_CHECKS, UNIQUE_CHECKS=0 */;
/*!40014 SET @OLD_FOREIGN_KEY_CHECKS=@@FOREIGN_KEY_CHECKS, FOREIGN_KEY_CHECKS=0 */;
/*!40101 SET @OLD_SQL_MODE=@@SQL_MODE, SQL_MODE='NO_AUTO_VALUE_ON_ZERO' */;
/*!40111 SET @OLD_SQL_NOTES=@@SQL_NOTES, SQL_NOTES=0 */;

--
-- Table structure for table `algorithm_configuration`
--

DROP TABLE IF EXISTS `algorithm_configuration`;
/*!40101 SET @saved_cs_client     = @@character_set_client */;
/*!40101 SET character_set_client = utf8 */;
CREATE TABLE `algorithm_configuration` (
  `link_code` varchar(255) NOT NULL COMMENT '小程序ID',
  `algorithm_id` int(11) NOT NULL COMMENT '算法唯一ID',
  `name` varchar(255) NOT NULL COMMENT '算法名称',
  `sport_category` varchar(255) DEFAULT NULL COMMENT '体育种类',
  `enable` tinyint(1) DEFAULT NULL COMMENT '是否可用1：启用 0：禁用',
  `content` json DEFAULT NULL COMMENT '模板',
  `update_time` datetime DEFAULT NULL COMMENT '更新时间',
  `url` varchar(255) DEFAULT NULL COMMENT '算法调用地址',
  PRIMARY KEY (`link_code`,`algorithm_id`)
) ENGINE=InnoDB DEFAULT CHARSET=utf8mb4 COMMENT='机构算法同步表';
/*!40101 SET character_set_client = @saved_cs_client */;

--
-- Dumping data for table `algorithm_configuration`
--

LOCK TABLES `algorithm_configuration` WRITE;
/*!40000 ALTER TABLE `algorithm_configuration` DISABLE KEYS */;
INSERT INTO `algorithm_configuration` VALUES ('3b3baff4-129a-4bf6-ae91-98da4102e6f9',1,'足球射门姿势算法','足球',1,'{\"动作准确\": \"姿势评分\", \"有氧能力\": \"准确率评分\", \"柔韧伸展\": \"动作幅度评分\", \"灵活敏捷\": \"完成度评分\", \"肌肉力量\": \"速度评分\"}','2023-11-13 16:51:01','https://wangzijian.top/score/'),('3b3baff4-129a-4bf6-ae91-98da4102e6f9',3,'游泳姿势优化算法','游泳',1,'{\"动作准确\": \"姿势评分\", \"有氧能力\": \"准确率评分\", \"柔韧伸展\": \"动作幅度评分\", \"灵活敏捷\": \"完成度评分\", \"肌肉力量\": \"速度评分\"}','2023-11-13 16:51:01','https://wangzijian.top/score/'),('3b3baff4-129a-4bf6-ae91-98da4102e6f9',14,'足球专用犯规识别算法','足球',0,'{\"动作准确\": \"姿势评分\", \"有氧能力\": \"准确率评分\", \"柔韧伸展\": \"动作幅度评分\", \"灵活敏捷\": \"完成度评分\", \"肌肉力量\": \"速度评分\"}','2023-11-13 16:51:01','https://wangzijian.top/score/'),('3b3baff4-129a-4bf6-ae91-98da4102e6f9',15,'篮球手部识别算法','篮球',1,'{\"动作准确\": \"起跳姿势评分\", \"有氧能力\": \"投篮命中率评分\", \"柔韧伸展\": \"手腕标准度评分\", \"灵活敏捷\": \"投篮时机评分\", \"肌肉力量\": \"球速评分\"}','2023-11-13 16:51:01','https://wangzijian.top/score/'),('3b3baff4-129a-4bf6-ae91-98da4102e6f9',16,'乒乓球角度识别算法','乒乓球',1,'{\"反手技术\": \"反手控制评分\", \"发球技术\": \"发球准确度评分\", \"进攻技巧\": \"进攻策略评分\", \"防守能力\": \"防守技巧评分\", \"接发球能力\": \"接发球反应评分\"}','2023-11-13 16:51:01','https://wangzijian.top/score/'),('3b3baff4-129a-4bf6-ae91-98da4102e6f9',20,'跳远距离识别','跳远',1,'{\"动作准确\": \"姿势评分\", \"有氧能力\": \"准确率评分\", \"柔韧伸展\": \"动作幅度评分\", \"灵活敏捷\": \"完成度评分\", \"肌肉力量\": \"速度评分\"}','2023-11-13 16:51:01','https://wangzijian.top/score/'),('3b3baff4-129a-4bf6-ae91-98da4102e6f9',21,'标枪弧度算法','标枪',1,'{\"动作准确\": \"姿势评分\", \"有氧能力\": \"准确率评分\", \"柔韧伸展\": \"动作幅度评分\", \"灵活敏捷\": \"完成度评分\", \"肌肉力量\": \"速度评分\"}','2023-11-13 16:51:01','https://wangzijian.top/score/'),('3b3baff4-129a-4bf6-ae91-98da4102e6f9',22,'标枪算法','标枪',1,'{\"动作准确\": \"姿势评分\", \"有氧能力\": \"准确率评分\", \"柔韧伸展\": \"动作幅度评分\", \"灵活敏捷\": \"完成度评分\", \"肌肉力量\": \"速度评分\"}','2023-11-13 16:51:01','https://wangzijian.top/score/'),('3b3baff4-129a-4bf6-ae91-98da4102e6f9',24,'高尔夫球道算法','高尔夫',1,'{\"动作准确\": \"姿势评分\", \"有氧能力\": \"准确率评分\", \"柔韧伸展\": \"动作幅度评分\", \"灵活敏捷\": \"完成度评分\", \"肌肉力量\": \"速度评分\"}','2023-11-13 16:51:01','https://wangzijian.top/score/');
/*!40000 ALTER TABLE `algorithm_configuration` ENABLE KEYS */;
UNLOCK TABLES;

--
-- Table structure for table `course`
--

DROP TABLE IF EXISTS `course`;
/*!40101 SET @saved_cs_client     = @@character_set_client */;
/*!40101 SET character_set_client = utf8 */;
CREATE TABLE `course` (
  `id` int(11) NOT NULL AUTO_INCREMENT,
  `link_code` varchar(36) DEFAULT NULL COMMENT '小程序链接码',
  `name` varchar(50) NOT NULL COMMENT '课程名称',
  `type` int(11) DEFAULT NULL COMMENT '0:文字 1：图片 2： 视频',
  `cover_img` varchar(255) DEFAULT NULL COMMENT '课程封面',
  `media_file` varchar(255) DEFAULT NULL COMMENT '媒体uuid',
  `description` varchar(500) DEFAULT NULL COMMENT '课程描述',
  `create_time` datetime NOT NULL COMMENT '创建时间',
  `update_time` datetime DEFAULT NULL COMMENT '更新时间',
  PRIMARY KEY (`id`)
) ENGINE=InnoDB AUTO_INCREMENT=36 DEFAULT CHARSET=utf8mb4 COMMENT='课程表';
/*!40101 SET character_set_client = @saved_cs_client */;

--
-- Dumping data for table `course`
--

LOCK TABLES `course` WRITE;
/*!40000 ALTER TABLE `course` DISABLE KEYS */;
INSERT INTO `course` VALUES (1,'3b3baff4-129a-4bf6-ae91-98da4102e6f9','热身',2,'4e6e6dd3-6937-4d41-b852-a1db1963bdf7.jpg','10c1e5b4-05c2-42e1-8fa8-f29e65bcf3af.mp4','热身是进行任何体育运动前必不可少的准备活动，它有助于预防运动伤害、提高身体机能和准备身体进入运动状态。','2023-09-08 17:03:20','2023-09-08 17:03:20'),(2,'3b3baff4-129a-4bf6-ae91-98da4102e6f9','乒乓球训练',1,'0110d979-60aa-42bf-9226-46d6c3b0bba4.png','f10feb21-f153-43aa-945f-ea30ea33403c.png','乒乓球训练的核心是技术的掌握和提升。这包括击球技术、接发球技术、侧旋球、上旋球、下旋球等各种技术动作的练习。通过不断的反复练习，培养准确、稳定和多样化的球技。','2023-09-07 21:50:36','2023-09-07 21:50:36'),(8,'3b3baff4-129a-4bf6-ae91-98da4102e6f9','足球训练',2,'06085b63-5878-4a08-b054-59bbde260011.jpg','aa0c7dc5-cef5-4e6a-ae42-a0f67316a6cd.mp4','足球是一项流行的团队球类运动，需要掌握基本的传球、射门、盘带和防守等技巧。','2023-09-08 17:02:14','2023-09-08 17:02:14'),(9,'3b3baff4-129a-4bf6-ae91-98da4102e6f9','羽毛球训练',2,'5a08dffd-dc76-4203-bd91-bcfd2f4f555b.jpg','2d3794e3-f59f-408e-964b-22f31627f833.mp4','羽毛球是一项以羽毛球拍和羽毛球为工具的球类运动，注重技术和速度的发挥。','2023-09-08 17:02:14','2023-09-08 17:02:14'),(10,'3b3baff4-129a-4bf6-ae91-98da4102e6f9','游泳技巧',2,'45b5572b-2673-4979-8c0f-c756492f71ae.jpg','3f082861-c1a7-4f58-b2c8-921fd03043ec.mp4','游泳技巧训练包括学习正确的呼吸方法、姿势控制、蛙泳、自由泳、蝶泳和仰泳等泳姿的练习，以提高游泳速度和耐力。','2023-09-08 17:02:14','2023-09-08 17:02:14'),(13,'3b3baff4-129a-4bf6-ae91-98da4102e6f9','网球基础',2,'84fa8961-8ffb-431e-b7ee-f9dff94e178c.png','f53dd802-deec-4aa5-bf7d-5645953f1492.mp4','网球战术训练包括进攻战术、防守战术、网前战术、底线战术和变拍战术等，以提高球员在比赛中的战术意识和应对能力。','2023-09-08 17:02:14','2023-09-08 17:02:14'),(15,'3b3baff4-129a-4bf6-ae91-98da4102e6f9','瑜伽练习',2,'4b2e8452-5f61-41fb-a17c-b3428efe4cfb.png','706c93a0-df03-41da-b76b-0ed7005315b4.mp4','瑜伽练习包括各种体位的练习、深呼吸和冥想等，以提高身体的柔韧性、平衡性和内心的宁静。','2023-09-08 17:02:14','2023-09-08 17:02:14'),(16,'3b3baff4-129a-4bf6-ae91-98da4102e6f9','棒球技巧',2,'e575e7e1-bbbc-4e81-822c-e2ec06e8818d.png','1b0f12d9-51ef-4dd5-9d68-0f69fb3ec522.mp4','棒球技巧培训包括练习击球姿势、投球动作、接球技巧和跑垒策略等，以提高球员在比赛中的技术水平和综合能力。','2023-09-08 17:02:14','2023-09-08 17:02:14'),(17,'3b3baff4-129a-4bf6-ae91-98da4102e6f9','排球战术',2,'fa6bdfa2-05d7-4b93-b199-3fd10aab38ba.jpg','8fe31825-9d78-47e1-9c06-f5d16c6eeaf9.mp4','排球战术培训包括防守和进攻的战术组织、球员位置调整、配合技巧和战术应对等，以提高球队在比赛中的竞争力和胜率。','2023-09-08 17:02:14','2023-09-08 17:02:14'),(18,'3b3baff4-129a-4bf6-ae91-98da4102e6f9','滑板运动',2,'bde10ef8-094e-413f-928d-c57405ece7f4.png','e61c6f82-6feb-48a4-a119-b9277c1e3f04.mp4','滑板运动包括平衡训练、基本技巧练习、跳台技巧和滑板场地的应用等，以提升滑板运动员的技术水平和表演能力。','2023-09-08 17:02:14','2023-09-08 17:02:14'),(20,'3b3baff4-129a-4bf6-ae91-98da4102e6f9','篮球基本功',2,'893db606-db18-4821-b477-624e6b4c3800.jpg','828895ae-bfed-4d35-ab41-0197fe9399e9.mp4','运球、传球、投篮、防守、篮板球等','2023-09-08 17:02:14','2023-09-08 17:02:14'),(21,'3b3baff4-129a-4bf6-ae91-98da4102e6f9','田径技巧培训',2,'f8454f91-78c0-402b-8be2-b7e4bbbe76e8.jpg','87e35833-7ed2-4b1c-a75d-11a289a0b547.mp4','包括短跑、长跑、跳高、跳远、投掷等项目的技巧练习和训练方法，以提高运动员在比赛中的表现和成绩。','2023-09-08 17:02:14','2023-09-08 17:02:14'),(22,'3b3baff4-129a-4bf6-ae91-98da4102e6f9','网球战术训练',2,'56a60ea9-2d05-4f43-b060-9ae17ca0c5e0.png','bce56f6a-1fec-4e77-ad9b-2b3d57873d32.mp4','网球基础训练包括正手击球、反手击球、发球、截击和战术应用等，以提升球员的技术水平和比赛实力。','2023-09-08 17:02:14','2023-09-08 17:02:14'),(29,'3b3baff4-129a-4bf6-ae91-98da4102e6f9','臀部锻炼',0,'12076327-2c65-4c6d-8ca3-d67e4ac2cd92.jpg','87b5ba13-9784-4867-b1d1-9f985f4e1110.txt','臀部锻炼','2023-10-21 22:09:57',NULL);
/*!40000 ALTER TABLE `course` ENABLE KEYS */;
UNLOCK TABLES;

--
-- Table structure for table `exam`
--

DROP TABLE IF EXISTS `exam`;
/*!40101 SET @saved_cs_client     = @@character_set_client */;
/*!40101 SET character_set_client = utf8 */;
CREATE TABLE `exam` (
  `id` int(11) NOT NULL AUTO_INCREMENT,
  `name` varchar(50) NOT NULL COMMENT '考试名称',
  `link_code` varchar(36) DEFAULT NULL COMMENT '小程序链接码',
  `description` varchar(500) DEFAULT NULL COMMENT '考试描述',
  `end_time` datetime NOT NULL COMMENT '结束时间',
  `file` varchar(255) DEFAULT NULL COMMENT '资源ID',
  `exam_count` int(11) DEFAULT NULL COMMENT '考试次数',
  `create_time` datetime NOT NULL COMMENT '创建时间',
  PRIMARY KEY (`id`)
) ENGINE=InnoDB AUTO_INCREMENT=14 DEFAULT CHARSET=utf8mb4 COMMENT='考试表';
/*!40101 SET character_set_client = @saved_cs_client */;

--
-- Dumping data for table `exam`
--

LOCK TABLES `exam` WRITE;
/*!40000 ALTER TABLE `exam` DISABLE KEYS */;
INSERT INTO `exam` VALUES (5,'乒乓球规则考试','3b3baff4-129a-4bf6-ae91-98da4102e6f9','乒乓球比赛的得分方式和计分规则','2023-09-07 08:00:00','ab631499-1b49-4f2a-b088-5410a3877431.xlsx',5,'2023-09-07 21:58:30'),(6,'期末考试','3b3baff4-129a-4bf6-ae91-98da4102e6f9','期末最后一次考试','2023-09-08 08:00:00','ab631499-1b49-4f2a-b088-5410a3877431.xlsx',2,'2023-09-08 16:19:47'),(9,'测试考试','3b3baff4-129a-4bf6-ae91-98da4102e6f9','这是一个考试','2023-09-13 21:33:47','ab631499-1b49-4f2a-b088-5410a3877431.xlsx',3,'2023-09-13 21:33:47'),(10,'期中考试','3b3baff4-129a-4bf6-ae91-98da4102e6f9','期中考试描述','2023-09-13 08:00:00','ab631499-1b49-4f2a-b088-5410a3877431.xlsx',5,'2023-09-13 21:47:15'),(11,'田径考试','3b3baff4-129a-4bf6-ae91-98da4102e6f9','这是田径考试的描述','2023-09-18 16:20:50','ab631499-1b49-4f2a-b088-5410a3877431.xlsx',3,'2023-09-18 16:20:50');
/*!40000 ALTER TABLE `exam` ENABLE KEYS */;
UNLOCK TABLES;

--
-- Table structure for table `exam_record`
--

DROP TABLE IF EXISTS `exam_record`;
/*!40101 SET @saved_cs_client     = @@character_set_client */;
/*!40101 SET character_set_client = utf8 */;
CREATE TABLE `exam_record` (
  `id` int(11) NOT NULL AUTO_INCREMENT COMMENT '考试记录ID',
  `link_code` varchar(255) DEFAULT NULL COMMENT '小程序链接码',
  `user_id` int(11) DEFAULT NULL COMMENT '用户ID',
  `exam_id` int(11) DEFAULT NULL COMMENT '考试ID',
  `count` int(11) DEFAULT NULL COMMENT '考试次数',
  `score` int(11) DEFAULT NULL COMMENT '分数',
  `time` datetime DEFAULT NULL COMMENT '考试时间',
  PRIMARY KEY (`id`)
) ENGINE=InnoDB AUTO_INCREMENT=20 DEFAULT CHARSET=utf8mb4 COMMENT='考试记录表';
/*!40101 SET character_set_client = @saved_cs_client */;

--
-- Dumping data for table `exam_record`
--

LOCK TABLES `exam_record` WRITE;
/*!40000 ALTER TABLE `exam_record` DISABLE KEYS */;
INSERT INTO `exam_record` VALUES (18,'3b3baff4-129a-4bf6-ae91-98da4102e6f9',13,5,1,0,NULL),(19,'3b3baff4-129a-4bf6-ae91-98da4102e6f9',14,5,5,20,NULL);
/*!40000 ALTER TABLE `exam_record` ENABLE KEYS */;
UNLOCK TABLES;

--
-- Table structure for table `link_code_and_appid_map`
--

DROP TABLE IF EXISTS `link_code_and_appid_map`;
/*!40101 SET @saved_cs_client     = @@character_set_client */;
/*!40101 SET character_set_client = utf8 */;
CREATE TABLE `link_code_and_appid_map` (
  `link_code` varchar(36) DEFAULT NULL COMMENT '链接代码',
  `app_id` varchar(255) DEFAULT NULL COMMENT '小程序ID',
  `app_secret` varchar(255) DEFAULT NULL COMMENT '微信小程序秘钥',
  `update_time` datetime DEFAULT NULL COMMENT '更新时间'
) ENGINE=InnoDB DEFAULT CHARSET=utf8mb4 COMMENT='链接码和应用Id的映射表';
/*!40101 SET character_set_client = @saved_cs_client */;

--
-- Dumping data for table `link_code_and_appid_map`
--

LOCK TABLES `link_code_and_appid_map` WRITE;
/*!40000 ALTER TABLE `link_code_and_appid_map` DISABLE KEYS */;
INSERT INTO `link_code_and_appid_map` VALUES ('po80bb43-4a86-463e-8a64-86af145af212','wxc62afc144417346e','2387d60cc0a34703ae8ec0acedd2a635','2023-11-13 16:51:00'),('3180bb43-4a86-463e-8a64-86af145af245','wxc62afc1444173888','b5a7ea8dcee900d1f1663076ac8dba3b','2023-11-13 16:51:00'),('3b3baff4-129a-4bf6-ae91-98da4102e6f9','wxbd62c87a1e4c9543','716af12d545c3a25bc94b0af6b32d26f','2023-11-13 16:51:00'),('po80bb43-4a86-463e-8a64-86af145af212','wxc62afc144417346e','2387d60cc0a34703ae8ec0acedd2a635','2023-11-13 16:51:00'),('3180bb43-4a86-463e-8a64-86af145af245','wxc62afc1444173888','b5a7ea8dcee900d1f1663076ac8dba3b','2023-11-13 16:51:00'),('3b3baff4-129a-4bf6-ae91-98da4102e6f9','wxbd62c87a1e4c9543','716af12d545c3a25bc94b0af6b32d26f','2023-11-13 16:51:00');
/*!40000 ALTER TABLE `link_code_and_appid_map` ENABLE KEYS */;
UNLOCK TABLES;

--
-- Table structure for table `resources`
--

DROP TABLE IF EXISTS `resources`;
/*!40101 SET @saved_cs_client     = @@character_set_client */;
/*!40101 SET character_set_client = utf8 */;
CREATE TABLE `resources` (
  `id` int(11) NOT NULL AUTO_INCREMENT,
  `full_name` varchar(255) DEFAULT NULL,
  `alias` varchar(255) DEFAULT NULL,
  `suffix` varchar(255) DEFAULT NULL COMMENT '后缀',
  `size` bigint(20) DEFAULT NULL,
  `create_time` datetime DEFAULT NULL,
  `update_time` datetime DEFAULT NULL,
  PRIMARY KEY (`id`)
) ENGINE=InnoDB AUTO_INCREMENT=321 DEFAULT CHARSET=utf8mb4 COMMENT='资源表';
/*!40101 SET character_set_client = @saved_cs_client */;

--
-- Dumping data for table `resources`
--

LOCK TABLES `resources` WRITE;
/*!40000 ALTER TABLE `resources` DISABLE KEYS */;
INSERT INTO `resources` VALUES (113,'Snipaste_2023-09-04_10-22-46.jpg','74b310cb-22e0-4137-8901-162b1c14bbb7','jpg',4654,'2023-09-04 13:56:20','2023-09-04 13:56:20'),(114,'布布比?.jpg','5531030d-e568-4446-bc95-9d3a589450f0','jpg',76958,'2023-09-04 13:59:09','2023-09-04 13:59:09'),(115,'Snipaste_2023-09-04_10-22-46.jpg','b14c3c50-238f-47ff-91c9-18af9c385d5e','jpg',4654,'2023-09-04 14:09:00','2023-09-04 14:09:00'),(116,'demo视频.mp4','e7fc2dd4-0871-4f39-800f-b608ad9759d6','mp4',2501450,'2023-09-04 14:58:36','2023-09-04 14:58:36'),(117,'考试模板.xlsx','ed23e489-ddc3-4047-a9c9-acfba7feae93','xlsx',10761,'2023-09-08 14:35:18','2023-09-08 14:35:18'),(118,'考试模板.xlsx','9d36db1a-4fea-4284-98c1-b014b66cd3eb','xlsx',10769,'2023-09-13 14:11:44','2023-09-13 14:11:44'),(119,'8ed34f5fgy1h83rag4bbnj227t27tx6p.jpg','88075ad3-4ad1-475a-aee9-a49b2d80b592','jpg',2027475,'2023-09-13 20:18:03','2023-09-13 20:18:03'),(120,'8ed34f5fgy1h83rag4bbnj227t27tx6p.jpg','3a6c9dbc-b1f7-4707-8fff-bb8bd089c161','jpg',2027475,'2023-09-13 20:19:54','2023-09-13 20:19:54'),(121,'考试模板.xlsx','ab631499-1b49-4f2a-b088-5410a3877431','xlsx',10740,'2023-09-13 21:33:19','2023-09-13 21:33:19'),(122,'考试模板.xlsx','9391bfea-dca6-485a-8323-e91e28ed3401','xlsx',10740,'2023-09-13 21:46:56','2023-09-13 21:46:56'),(123,'考试模板.xlsx','45112f20-d43f-4fbd-8267-0eed87ff0fcf','xlsx',10769,'2023-09-18 15:17:20','2023-09-18 15:17:20'),(124,'考试模板.xlsx','816e33f7-797a-4854-9ab4-74c6eb5b1f63','xlsx',10769,'2023-09-18 16:20:25','2023-09-18 16:20:25'),(125,'QihW8VrnLH8nc24b5363b61d9515e20c2937defc82f1.png','e4f4ae15-63aa-4745-bfbf-a27876dae157','png',460,'2023-09-18 20:11:38','2023-09-18 20:11:38'),(126,'BRfL60ZqkxWObc0f65f786bd553295b7b86cd7a801bc.png','7dcdfbfd-3053-4f66-9f1b-8f847f9e86aa','png',459,'2023-09-18 20:12:30','2023-09-18 20:12:30'),(127,'XAHUaMvzF2rXbc0f65f786bd553295b7b86cd7a801bc.png','fcc78145-4b8f-42d6-8909-2f5e8a977c9b','png',459,'2023-09-18 20:12:55','2023-09-18 20:12:55'),(128,'cY51tVFVKsZHbc0f65f786bd553295b7b86cd7a801bc.png','74a92251-2306-499c-a8b7-10d9b4997d32','png',459,'2023-09-18 20:13:19','2023-09-18 20:13:19'),(129,'MgFbpmj9gFs2bc0f65f786bd553295b7b86cd7a801bc.png','c3041d51-36f3-495f-a859-3787ad301742','png',459,'2023-09-18 20:13:51','2023-09-18 20:13:51'),(130,'EOKC39MxCy7Ubc0f65f786bd553295b7b86cd7a801bc.png','b038ed6a-8874-47b5-bf77-e5738cca953e','png',459,'2023-09-18 22:37:26','2023-09-18 22:37:26'),(131,'Q6jRXcP8mN1obc0f65f786bd553295b7b86cd7a801bc.png','7c50bf8f-090d-444a-a94c-7d2dc01ff178','png',459,'2023-09-18 22:39:30','2023-09-18 22:39:30'),(132,'td0z3pmQCuUtbc0f65f786bd553295b7b86cd7a801bc.png','f88cb9fa-d683-4ab6-91a0-3c05082f8235','png',459,'2023-09-18 22:39:46','2023-09-18 22:39:46'),(133,'8eWnhQ18m852bc0f65f786bd553295b7b86cd7a801bc.png','ac6b69a7-b15b-44f5-89db-36870a5c60fc','png',459,'2023-09-18 22:40:59','2023-09-18 22:40:59'),(134,'HMwnmyHAonnvbc0f65f786bd553295b7b86cd7a801bc.png','39cee8d1-ac71-4fe7-bfab-dcfc64b718b3','png',459,'2023-09-18 22:42:24','2023-09-18 22:42:24'),(135,'l6bEd7w0PZKBbc0f65f786bd553295b7b86cd7a801bc.png','17dc9f5e-de50-4f86-a9b7-09fdbcd9eff9','png',459,'2023-09-18 22:45:21','2023-09-18 22:45:21'),(136,'qzYXXoWKfmnMbc0f65f786bd553295b7b86cd7a801bc.png','67d234e5-3415-49e1-872a-eb97fc12fe6e','png',459,'2023-09-18 22:47:10','2023-09-18 22:47:10'),(137,'RCsY3qc2f7JSa2ca354ab878eb7311c68e89c211ad08.png','befa12a8-c281-4666-bdcb-30ba6db9176c','png',1163,'2023-09-18 22:52:24','2023-09-18 22:52:24'),(138,'GCE1w9fOmozh460c3613829026960dc0c1959c7f8e1d.png','cd6a99aa-c0b9-485b-8c39-2ffd47635b8b','png',3340,'2023-09-18 22:53:24','2023-09-18 22:53:24'),(139,'ZOvVmLIhqwP6460c3613829026960dc0c1959c7f8e1d.png','3997dbfa-73fe-4583-9b0b-56a687bb9fd9','png',3340,'2023-09-18 22:57:15','2023-09-18 22:57:15'),(140,'考试模板.xlsx','a33209db-b38b-4814-a647-b34d6df782da','xlsx',10769,'2023-09-19 09:30:43','2023-09-19 09:30:43'),(141,'布布.jpg','06085b63-5878-4a08-b054-59bbde2600d9','jpg',76958,'2023-09-19 09:31:11','2023-09-19 09:31:11'),(142,'考试模板.xlsx','d823190b-a38b-4970-ba2d-55085d9674ad','xlsx',10769,'2023-09-19 09:32:31','2023-09-19 09:32:31'),(143,'考试模板.xlsx','780421d2-ad99-412d-b086-354d5827c256','xlsx',10769,'2023-09-19 09:42:21','2023-09-19 09:42:21'),(144,'3e8f14c3-aabc-4077-a550-42fca2fd2c64.jpg','07c59cf8-a7f6-4717-952f-72f90a8164f8','jpg',76958,'2023-09-21 21:59:43','2023-09-21 21:59:43'),(145,'wx_camera_1677498869780.mp4','d563d59d-c295-41a3-a6d9-c04a73030011','mp4',3514436,'2023-09-21 23:27:34','2023-09-21 23:27:34'),(146,'qq9monnSILD129f20c86590b172fdc26b00b5b581a9c.png','5197fa35-1a9a-45de-9155-133d5e28b912','png',20164,'2023-09-23 19:55:00','2023-09-23 19:55:00'),(147,'pGvGcpCG2LZj29f20c86590b172fdc26b00b5b581a9c.png','821a6b98-50fd-4e68-93d9-adf1117ef292','png',20164,'2023-09-23 21:02:23','2023-09-23 21:02:23'),(148,'vpm4KPGaPaHe29f20c86590b172fdc26b00b5b581a9c.png','77b55ed3-cefb-4817-a743-b613aded960c','png',20164,'2023-09-23 21:02:59','2023-09-23 21:02:59'),(149,'XfxzEyYc0y2P29f20c86590b172fdc26b00b5b581a9c.png','ec8516ed-aa4f-4501-bab8-69098d1a2c1b','png',20164,'2023-09-23 21:03:59','2023-09-23 21:03:59'),(150,'h62YWxV5NGFR29f20c86590b172fdc26b00b5b581a9c.png','c035f499-5987-4753-bae5-6782e799b9b3','png',20164,'2023-09-23 21:04:32','2023-09-23 21:04:32'),(151,'OukBNUCZ58qC29f20c86590b172fdc26b00b5b581a9c.png','0b441d32-0d19-4007-a859-3593239b01f4','png',20164,'2023-09-23 21:12:55','2023-09-23 21:12:55'),(152,'rijk1rQshd5D29f20c86590b172fdc26b00b5b581a9c.png','e8e8fec0-1837-4497-ab54-794a05a15759','png',20164,'2023-09-23 21:14:18','2023-09-23 21:14:18'),(153,'BpYSY4mayfXv3781a221044cad48d73151e5ecad79fb.mp4','5797ca1d-28ae-4c97-abdd-0ee6a60259e7','mp4',1059528,'2023-09-25 00:52:05','2023-09-25 00:52:05'),(154,'faDwlpNgmXwr3781a221044cad48d73151e5ecad79fb.mp4','96383a7f-58bb-433e-8d7e-515180573233','mp4',1059528,'2023-09-25 01:12:39','2023-09-25 01:12:39'),(155,'pEdFcAdxsfyY3781a221044cad48d73151e5ecad79fb.mp4','4eeca7f2-aa09-4b37-b99b-f28924b197db','mp4',1059528,'2023-09-25 01:36:40','2023-09-25 01:36:40'),(156,'3KCc8VhjloRE3781a221044cad48d73151e5ecad79fb.mp4','d4a4e383-10ba-433e-b629-7c145f4e05f6','mp4',1059528,'2023-09-25 22:37:06','2023-09-25 22:37:06'),(157,'sOpp08XMsGg66eacfd1038c3a3e12b3bc9eb812df49b.png','e1852ac7-9f61-4153-b884-206e2b2dd046','png',311930,'2023-09-25 22:39:50','2023-09-25 22:39:50'),(158,'Vq7IORqHOSNHa0918e0b32c078ded072763eaf5c2520.txt','a11f53a8-2abc-4c35-80e9-961ccdd1b9dc','txt',516,'2023-10-17 21:32:57','2023-10-17 21:32:57'),(159,'8x6IyHwfwm0S089c8a3a2efa3bf7f0f802b0000506de.xlsx','71e46150-de78-4f08-8a36-78c78bba37bc','xlsx',10154,'2023-10-17 21:33:10','2023-10-17 21:33:10'),(160,'LpoEmrPmYEfw4cda1e838bcdc61aed924f7f2ebfea0e.png','ef0e785e-8a08-4a99-9876-178d0291ed66','png',101885,'2023-10-17 21:39:37','2023-10-17 21:39:37'),(161,'游泳.jpg','de8a8df1-be16-4f28-a017-d6e7f9c3020f','jpg',180196,'2023-10-20 16:58:28','2023-10-20 16:58:28'),(162,'篮球.jpg','f07825d9-43b9-423d-a80c-3785ba4cc898','jpg',673821,'2023-10-20 16:59:14','2023-10-20 16:59:14'),(163,'篮球.jpg','9bc43ea4-b264-4975-8a38-09606035bd8e','jpg',673821,'2023-10-20 16:59:44','2023-10-20 16:59:44'),(164,'乒乓球.png','5f3d6935-8b11-49e9-8469-31f8282d52e9','png',61698,'2023-10-20 17:02:23','2023-10-20 17:02:23'),(165,'篮球.jpg','d17aab1e-5fca-4400-8d2c-80250da2b57e','jpg',673821,'2023-10-20 17:04:03','2023-10-20 17:04:03'),(166,'tmp_5b39f494f101c74da5abfabb6bc05c71.jpg','46888f6e-8bdd-48c0-8c19-383d020076ae','jpg',525290,'2023-10-20 17:04:45','2023-10-20 17:04:45'),(167,'tmp_f080dac6154dbcad9e41b87e2c1c9142.jpg','c8210ef3-95e5-422b-be01-eaa40762a496','jpg',525290,'2023-10-20 17:05:33','2023-10-20 17:05:33'),(168,'足球.jpg','6d3624f7-b5d1-4881-8dc1-cdeb859270aa','jpg',202726,'2023-10-20 17:08:01','2023-10-20 17:08:01'),(169,'6Ijns0Y9dMuv7c35e5f39974dece9df1f6d9187d289e.png','62c02e96-c821-4f6e-9ac0-30ab082f5436','png',1269,'2023-10-20 20:32:54','2023-10-20 20:32:54'),(170,'vCzSCeCwSQTB7c35e5f39974dece9df1f6d9187d289e.png','2178d16a-0042-460e-933f-135de45104db','png',1269,'2023-10-20 20:35:55','2023-10-20 20:35:55'),(171,'kaoO03k0DxQm7c35e5f39974dece9df1f6d9187d289e.png','deb23246-dc0d-4f89-82d1-6066056334aa','png',1269,'2023-10-20 20:42:24','2023-10-20 20:42:24'),(172,'HQt2qpSU31lY7c35e5f39974dece9df1f6d9187d289e.png','d35a709c-a020-45ae-bf03-193e592b9534','png',1269,'2023-10-20 20:43:49','2023-10-20 20:43:49'),(173,'rPqFsp5GGmjc7c35e5f39974dece9df1f6d9187d289e.png','344022ef-83c7-4695-81f8-30dc9e599c19','png',1269,'2023-10-20 20:46:41','2023-10-20 20:46:41'),(174,'jxk6UHQ0nMY27c35e5f39974dece9df1f6d9187d289e.png','c455f66b-61c9-466f-af9c-174a80e417b9','png',1269,'2023-10-20 20:48:08','2023-10-20 20:48:08'),(175,'jf4G4Q3l62R47c35e5f39974dece9df1f6d9187d289e.png','1d78fbd9-ac1a-4843-b18f-d57e59b51558','png',1269,'2023-10-20 20:49:20','2023-10-20 20:49:20'),(176,'XB4FcFxklwz76eacfd1038c3a3e12b3bc9eb812df49b.png','5067d1aa-afa8-4b0c-b098-0f3df0b60c61','png',311930,'2023-10-20 20:56:30','2023-10-20 20:56:30'),(177,'5PoMR3of4IF86eacfd1038c3a3e12b3bc9eb812df49b.png','05d45570-6c17-4a9a-b2b4-c82dad2d6e83','png',311930,'2023-10-20 20:57:23','2023-10-20 20:57:23'),(178,'8ZUEZ7w1IsIy88fb90c92f80106eee22b419489fef18.txt','15038419-aa9f-4d2d-b0dd-c7168f4bf250','txt',787,'2023-10-20 20:58:10','2023-10-20 20:58:10'),(179,'JivJ3Qdjvlqw263cbf2f32f5b4695c44149530440a64.png','58e85e91-0458-4a0f-9d54-a39322ea4785','png',2300,'2023-10-20 20:58:34','2023-10-20 20:58:34'),(180,'布布.jpg','70460e59-be6f-4854-b782-c93907c93322','jpg',76958,'2023-10-20 20:59:01','2023-10-20 20:59:01'),(181,'棒球.png','0a9d89f1-0c1c-4a40-a28b-04f73b5ae02e','png',149695,'2023-10-20 21:07:16','2023-10-20 21:07:16'),(182,'CBWYNoulTPUc263cbf2f32f5b4695c44149530440a64.png','32cb9c8c-f5c0-40b7-9e1a-c5ac1ccb3140','png',2300,'2023-10-20 21:09:01','2023-10-20 21:09:01'),(183,'棒球.png','5381b524-fb22-40e8-9afd-1c84261545c3','png',149695,'2023-10-20 21:09:16','2023-10-20 21:09:16'),(184,'hFoEM08m1EkZedad1696d1497cb5660cc3d914c49cdd.png','ed7e0876-068e-4521-b941-26893b4a3b43','png',1633,'2023-10-20 21:09:36','2023-10-20 21:09:36'),(185,'HIsV9SIowCSO90aa26a72cd5f9c346df068d08e61a16.png','499f1cdd-d613-4459-88d0-b052f5212fc3','png',1673,'2023-10-20 21:10:48','2023-10-20 21:10:48'),(186,'棒球.png','44b380b5-4f03-4752-b633-95edf22979a7','png',149695,'2023-10-20 21:14:52','2023-10-20 21:14:52'),(187,'BdzEsxKO8wIG3781a221044cad48d73151e5ecad79fb.mp4','0f6447c6-48cb-4c03-b198-5bf17f32fc8a','mp4',1059528,'2023-10-20 21:15:26','2023-10-20 21:15:26'),(188,'棒球.png','96bc07b9-9239-4339-bf19-bf7d15950b65','png',149695,'2023-10-20 21:26:35','2023-10-20 21:26:35'),(189,'滑板.png','74ceaeb7-d61c-4e1d-82fd-139e7c138931','png',158143,'2023-10-20 21:27:46','2023-10-20 21:27:46'),(190,'QESOz3KDs2Km702133cc07029c1b9a8f7627487493d2.png','12453da0-33ad-4550-8e1b-9570fe27594c','png',34834,'2023-10-20 21:27:47','2023-10-20 21:27:47'),(191,'QaVTkLUHq50e702133cc07029c1b9a8f7627487493d2.png','594226c7-ab4d-4433-957d-512d66150c1c','png',34834,'2023-10-20 21:32:59','2023-10-20 21:32:59'),(192,'UnsWpVDYk7sE702133cc07029c1b9a8f7627487493d2.png','b8d12143-0d25-4502-a64b-d5e6f7f588ab','png',34834,'2023-10-20 21:34:18','2023-10-20 21:34:18'),(193,'棒球.png','894ffdcf-68c4-4b76-a636-34a5124a5d2b','png',149695,'2023-10-20 21:35:35','2023-10-20 21:35:35'),(194,'bYpkV02akoph702133cc07029c1b9a8f7627487493d2.png','02371081-b17f-4ba7-99e6-3402a0b2a4dd','png',34834,'2023-10-20 21:35:35','2023-10-20 21:35:35'),(195,'棒球.png','fe5a1f74-5178-489f-9262-62d3f3f71306','png',149695,'2023-10-20 21:36:18','2023-10-20 21:36:18'),(196,'Q2d3f7u0FfKM702133cc07029c1b9a8f7627487493d2.png','bf9ca986-d666-4c7c-96a7-fc89a3c290fb','png',34834,'2023-10-20 21:36:25','2023-10-20 21:36:25'),(197,'棒球.png','c37ef410-b0bf-4a7b-b3c8-add376923000','png',149695,'2023-10-20 21:37:06','2023-10-20 21:37:06'),(198,'6RBrCZuY1kJs702133cc07029c1b9a8f7627487493d2.png','5e12d262-a032-4dc2-877f-cb95ec487d97','png',34834,'2023-10-20 21:37:10','2023-10-20 21:37:10'),(199,'排球.jpg','bbab0c70-11d9-49eb-a21e-a4826169e6cd','jpg',72975,'2023-10-20 21:38:10','2023-10-20 21:38:10'),(200,'棒球.png','f98bf0a0-0a67-47ce-b9f5-162d9fae540e','png',149695,'2023-10-20 21:38:21','2023-10-20 21:38:21'),(201,'tmp_1e3cc55eba9a67ac2d0a1e43937bdfb3.jpg','07c304eb-94da-4aec-8f18-b07d918fb8de','jpg',493430,'2023-10-20 21:39:06','2023-10-20 21:39:06'),(202,'棒球.png','2ebbb41e-5306-470c-825f-22fdfb860679','png',149695,'2023-10-20 21:39:31','2023-10-20 21:39:31'),(203,'tmp_ed5b0b650d6c1ea9d72e2b59b9037421.jpg','d46ee3a5-0c77-4a33-b716-394f679af21c','jpg',493430,'2023-10-20 21:39:42','2023-10-20 21:39:42'),(204,'棒球.png','9392c6cc-33a9-44a0-8957-4628b54ce140','png',149695,'2023-10-20 21:40:33','2023-10-20 21:40:33'),(205,'乒乓球.png','07967424-0d79-4a32-ba43-18592fa27b17','png',61698,'2023-10-20 21:42:02','2023-10-20 21:42:02'),(206,'足球.jpg','36b0fd7a-00d0-412b-842d-5bc4e9b1c42e','jpg',202726,'2023-10-20 21:43:30','2023-10-20 21:43:30'),(207,'乒乓球.png','0110d979-60aa-42bf-9226-46d6c3b0bba4','png',61698,'2023-10-20 21:43:53','2023-10-20 21:43:53'),(208,'乒乓球.png','f10feb21-f153-43aa-945f-ea30ea33403c','png',61698,'2023-10-20 21:45:45','2023-10-20 21:45:45'),(209,'运动视频.mp4','ff8f9208-8bea-4554-94b0-dd52ffa6c7dc','mp4',4426287,'2023-10-20 21:53:43','2023-10-20 21:53:43'),(210,'Snipaste_2023-10-20_21-54-28.jpg','6bcb52ba-ca70-40cd-a5f5-610e798eb2db','jpg',3193,'2023-10-20 21:54:55','2023-10-20 21:54:55'),(211,'热身视频封面.jpg','767656c7-f319-4fdd-91e3-725b49dc947b','jpg',60487,'2023-10-20 21:57:13','2023-10-20 21:57:13'),(212,'热身视频封面.jpg','7e094073-e893-46e7-aff2-4de5f750d65d','jpg',60487,'2023-10-20 21:57:37','2023-10-20 21:57:37'),(213,'热身视频封面.jpg','0ed3998b-3db7-42e4-b083-0277e5939b6f','jpg',53692,'2023-10-20 21:59:37','2023-10-20 21:59:37'),(214,'足球教学.mp4','aa0c7dc5-cef5-4e6a-ae42-a0f67316a6cd','mp4',5090068,'2023-10-20 22:06:22','2023-10-20 22:06:22'),(215,'tmp_a0e9c721030ce82d1cacd7ed3ae11dad232c34bd76a846ef.jpg','58903de4-f136-4a20-b8be-cfa2906fabae','jpg',406377,'2023-10-20 22:14:15','2023-10-20 22:14:15'),(216,'ETqLewEClWT6702133cc07029c1b9a8f7627487493d2.png','7540cb06-0850-421d-8135-3ba6ed612ad8','png',34834,'2023-10-20 22:23:40','2023-10-20 22:23:40'),(217,'2HJFfxXHfh9S702133cc07029c1b9a8f7627487493d2.png','06c9dfa6-045d-47d0-92d8-d161b5778aef','png',34834,'2023-10-20 22:25:32','2023-10-20 22:25:32'),(218,'u=2764644497,1120902731&fm=193 (1).jpg','5a08dffd-dc76-4203-bd91-bcfd2f4f555b','jpg',90838,'2023-10-21 21:17:34','2023-10-21 21:17:34'),(219,'网球.png','84fa8961-8ffb-431e-b7ee-f9dff94e178c','png',193621,'2023-10-21 21:25:59','2023-10-21 21:25:59'),(220,'体操.jpg','f65d33c6-85c7-41c6-b285-d908eacf2c07','jpg',26211,'2023-10-21 21:28:09','2023-10-21 21:28:09'),(221,'健身操.png','4b2e8452-5f61-41fb-a17c-b3428efe4cfb','png',599439,'2023-10-21 21:28:40','2023-10-21 21:28:40'),(222,'棒球.png','c444dfa8-6aeb-4239-a733-85f64d730129','png',149695,'2023-10-21 21:28:55','2023-10-21 21:28:55'),(223,'排球.jpg','fa6bdfa2-05d7-4b93-b199-3fd10aab38ba','jpg',72975,'2023-10-21 21:29:04','2023-10-21 21:29:04'),(224,'滑板.png','bde10ef8-094e-413f-928d-c57405ece7f4','png',158143,'2023-10-21 21:29:17','2023-10-21 21:29:17'),(225,'篮球.jpg','893db606-db18-4821-b477-624e6b4c3800','jpg',673821,'2023-10-21 21:29:30','2023-10-21 21:29:30'),(226,'游泳.jpg','a42af27b-daec-48da-8568-3b44de26542e','jpg',36743,'2023-10-21 21:34:16','2023-10-21 21:34:16'),(227,'棒球.png','e575e7e1-bbbc-4e81-822c-e2ec06e8818d','png',149695,'2023-10-21 21:34:29','2023-10-21 21:34:29'),(228,'跑步.jpg','f8454f91-78c0-402b-8be2-b7e4bbbe76e8','jpg',18266,'2023-10-21 21:35:04','2023-10-21 21:35:04'),(229,'网球.png','56a60ea9-2d05-4f43-b060-9ae17ca0c5e0','png',193621,'2023-10-21 21:35:17','2023-10-21 21:35:17'),(230,'游泳.jpg','45b5572b-2673-4979-8c0f-c756492f71ae','jpg',36743,'2023-10-21 21:35:46','2023-10-21 21:35:46'),(231,'热身视频.mp4','10c1e5b4-05c2-42e1-8fa8-f29e65bcf3af','mp4',18759385,'2023-10-21 21:49:01','2023-10-21 21:49:01'),(232,'热身封面.jpg','7da4fcca-2ab4-4595-9668-fbda28ccf193','jpg',8734,'2023-10-21 21:49:58','2023-10-21 21:49:58'),(233,'热身封面.jpg','4e6e6dd3-6937-4d41-b852-a1db1963bdf7','jpg',76295,'2023-10-21 21:51:33','2023-10-21 21:51:33'),(234,'tmp_bd76ce7e268c6a725cf2709272c0078e3bb9ece1a9a593d7.txt','87b5ba13-9784-4867-b1d1-9f985f4e1110','txt',1738,'2023-10-21 22:09:37','2023-10-21 22:09:37'),(235,'tmp_299326a8143f91102152d107883a1ab18ac948516370e844.jpg','12076327-2c65-4c6d-8ca3-d67e4ac2cd92','jpg',26087,'2023-10-21 22:09:54','2023-10-21 22:09:54'),(236,'t4E75ha2VqfW7c35e5f39974dece9df1f6d9187d289e.png','4b993407-c1bf-45e4-9ad6-80b1270b94e3','png',1269,'2023-10-21 22:18:14','2023-10-21 22:18:14'),(237,'tKDDzR2dGqWI7c35e5f39974dece9df1f6d9187d289e.png','33ce54ca-1dd0-41dd-9abf-833d5925df45','png',1269,'2023-10-21 22:18:29','2023-10-21 22:18:29'),(238,'羽毛球初学者.mp4','68705386-f569-4431-8e31-2996391289c0','mp4',7342731,'2023-10-21 22:25:26','2023-10-21 22:25:26'),(239,'游泳教学.mp4','27417620-8aa3-47eb-9281-b1fee45e057e','mp4',14992360,'2023-10-21 22:28:43','2023-10-21 22:28:43'),(240,'tmp_05cfbcf33a9b9af3aec6c2af1595f43e6eb578c7cbe89c33.txt','b0081fcf-c0b9-4df1-bf76-0ac1e99155db','txt',1738,'2023-10-21 22:35:56','2023-10-21 22:35:56'),(241,'tmp_5642b8583b26f8d3d0629edc7691c822a371a40e94bebe12.jpg','b1f7c5ca-98b9-4e69-b36f-946d5b2b8313','jpg',17405,'2023-10-21 22:36:01','2023-10-21 22:36:01'),(242,'网球教学.mp4','0e4c35c6-15cb-4b1f-aefa-5d6f7e69bef1','mp4',30161393,'2023-10-21 22:41:33','2023-10-21 22:41:33'),(243,'羽毛球教学.mp4','2d3794e3-f59f-408e-964b-22f31627f833','mp4',2262230,'2023-10-21 23:05:59','2023-10-21 23:05:59'),(244,'游泳教学.mp4','3f082861-c1a7-4f58-b2c8-921fd03043ec','mp4',86044917,'2023-10-21 23:09:52','2023-10-21 23:09:52'),(245,'瑜伽教学.mp4','49202816-5f31-4a1c-8bb9-b57bdffe82ac','mp4',21048048,'2023-10-21 23:11:20','2023-10-21 23:11:20'),(246,'棒球教学.mp4','1b0f12d9-51ef-4dd5-9d68-0f69fb3ec522','mp4',3750152,'2023-10-21 23:13:42','2023-10-21 23:13:42'),(247,'瑜伽教学.mp4','706c93a0-df03-41da-b76b-0ed7005315b4','mp4',21048048,'2023-10-21 23:14:26','2023-10-21 23:14:26'),(248,'排球教学.mp4','8fe31825-9d78-47e1-9c06-f5d16c6eeaf9','mp4',4983726,'2023-10-21 23:16:24','2023-10-21 23:16:24'),(249,'滑板教学.mp4','e61c6f82-6feb-48a4-a119-b9277c1e3f04','mp4',16964826,'2023-10-21 23:18:55','2023-10-21 23:18:55'),(250,'篮球教学.mp4','828895ae-bfed-4d35-ab41-0197fe9399e9','mp4',3532852,'2023-10-21 23:20:27','2023-10-21 23:20:27'),(251,'网球教学.mp4','f53dd802-deec-4aa5-bf7d-5645953f1492','mp4',3695402,'2023-10-21 23:22:26','2023-10-21 23:22:26'),(252,'网球教学.mp4','bce56f6a-1fec-4e77-ad9b-2b3d57873d32','mp4',3695402,'2023-10-21 23:22:38','2023-10-21 23:22:38'),(253,'田径.mp4','75777aac-f265-46f3-981e-35b3ccd7002d','mp4',50805093,'2023-10-21 23:28:58','2023-10-21 23:28:58'),(254,'田径教学.mp4','87e35833-7ed2-4b1c-a75d-11a289a0b547','mp4',6397543,'2023-10-21 23:29:50','2023-10-21 23:29:50'),(255,'JGaqGnfSLzkB88fb90c92f80106eee22b419489fef18.txt','6e6c9b3f-21ca-4589-96fa-0e757f3b2b13','txt',787,'2023-10-21 23:39:06','2023-10-21 23:39:06'),(256,'5g8lKmshpa6u702133cc07029c1b9a8f7627487493d2.png','0130a35f-d074-4e59-b289-ce014b0463c2','png',34834,'2023-10-21 23:39:18','2023-10-21 23:39:18'),(257,'S0Lt8RSr1pS3702133cc07029c1b9a8f7627487493d2.png','6207f1c2-2157-45d8-b716-3fe43672c3dd','png',34834,'2023-10-21 23:43:17','2023-10-21 23:43:17'),(258,'fkBdEJUpI17V88fb90c92f80106eee22b419489fef18.txt','34c9924b-06ef-4ca1-988e-e121f1631d98','txt',787,'2023-10-21 23:43:22','2023-10-21 23:43:22'),(259,'wMmxnJJRz0eV88fb90c92f80106eee22b419489fef18.txt','596e07d5-17ae-4f8e-b990-668288433e78','txt',787,'2023-10-21 23:51:04','2023-10-21 23:51:04'),(260,'Dy0X4NjPb35u8518b912231d51fd1327cae932373800.png','b7e0bde1-1eaa-4ea4-acba-6bb3870985ed','png',3854,'2023-10-21 23:51:17','2023-10-21 23:51:17'),(261,'cONH7HON7shK702133cc07029c1b9a8f7627487493d2.png','8e11f65e-4069-4b96-ab81-beb6b308c9c9','png',34834,'2023-10-21 23:52:49','2023-10-21 23:52:49'),(262,'qmwNvI9ZGUvS8e13ae6f87947d94e2a1572d857f6ebb.png','60034721-8cd1-493a-a750-47087719ee00','png',36903,'2023-10-21 23:52:58','2023-10-21 23:52:58'),(263,'kLUqanpk370e089c8a3a2efa3bf7f0f802b0000506de.xlsx','5cc13667-aecc-41f8-b899-cb618c44fe60','xlsx',10154,'2023-10-22 00:08:43','2023-10-22 00:08:43'),(264,'VizMaEz2I0Tx089c8a3a2efa3bf7f0f802b0000506de.xlsx','6dc3c674-5f5f-4a11-98a0-e8b629b68578','xlsx',10154,'2023-10-22 00:09:15','2023-10-22 00:09:15'),(265,'tmp_4b02f9de4a073002a2620f6c1ae3fb92bd2aebe230e409dd8ab5820fb1a63d8d.xlsx','ffb2a515-272d-4a29-917c-64be82fe3703','xlsx',10740,'2023-10-22 00:11:56','2023-10-22 00:11:56'),(266,'demo视频.mp4','63f31412-fc2c-4eee-a329-b20b5f0d2ebe','mp4',2501450,'2023-10-22 00:18:58','2023-10-22 00:18:58'),(267,'热身视频封面.jpg','2c03b847-ff29-4fa5-b775-7ba13d375821','jpg',53692,'2023-10-22 00:19:04','2023-10-22 00:19:04'),(268,'tmp_732427800c12b4cc226da4b60e3f5f6feeb0159b20089503e3de76f6921cad42.xlsx','a4c47b7d-85cc-480a-b64b-f19a994e25e1','xlsx',10740,'2023-10-22 00:33:14','2023-10-22 00:33:14'),(269,'热身视频封面.jpg','0f3ca251-d9b6-4c50-9197-fa23081e7303','jpg',53692,'2023-10-22 10:20:06','2023-10-22 10:20:06'),(270,'乒乓求教学.jpg','37979fc3-4b4b-45fe-97b4-2537e7ce74c1','jpg',116732,'2023-10-22 10:20:36','2023-10-22 10:20:36'),(271,'乒乓求教学.jpg','e95fa6b0-aeaf-4ea9-aa28-d4a2bf50fadb','jpg',116732,'2023-10-22 10:22:43','2023-10-22 10:22:43'),(272,'Hm7h5QpXKQGd089c8a3a2efa3bf7f0f802b0000506de.xlsx','1b5a3476-474f-485c-8136-7e467a48a3ef','xlsx',10154,'2023-10-22 11:08:08','2023-10-22 11:08:08'),(273,'rZ8iPwe3xFDI3781a221044cad48d73151e5ecad79fb.mp4','c4fe8ede-a97f-49bd-b31d-d8b94268c749','mp4',1059528,'2023-10-22 11:28:05','2023-10-22 11:28:05'),(274,'乒乓求教学.jpg','d3f8ea46-1159-488b-9525-22328f8f48af','jpg',116732,'2023-10-22 11:32:52','2023-10-22 11:32:52'),(275,'PntdpmMNxiEm702133cc07029c1b9a8f7627487493d2.png','596c0e43-7ba1-43ea-b110-f039d19a5506','png',34834,'2023-10-22 11:33:21','2023-10-22 11:33:21'),(276,'篮球教学.mp4','f0db8c4a-0a59-4cb0-8af9-71fa5b6a3e28','mp4',3532852,'2023-10-22 11:33:29','2023-10-22 11:33:29'),(277,'tmp_9f8223868b655c2623b05e63b1ff09d146210c4385816979.jpg','6da784e3-cb93-4348-8678-d2cd14763f79','jpg',52451,'2023-10-22 11:33:47','2023-10-22 11:33:47'),(278,'乒乓求教学.jpg','770f0738-0b21-404e-8449-5c04b90f424a','jpg',116732,'2023-10-22 11:34:20','2023-10-22 11:34:20'),(279,'乒乓求教学.jpg','80a44fe0-7997-4fd1-9379-a512f38a48c8','jpg',116732,'2023-10-22 11:35:10','2023-10-22 11:35:10'),(280,'bg1.png','ba65350a-f065-4e91-b8eb-f2d599d8c609','png',800,'2023-10-22 11:35:43','2023-10-22 11:35:43'),(281,'tmp_04c4e24ea470d6f4db63a3fe39c14050.jpg','01be7aae-85fc-4cd0-8a3e-531c435d84c0','jpg',118359,'2023-10-26 09:30:52','2023-10-26 09:30:52'),(282,'tmp_9fec371580281e01bc2d7eba69bc4d33.jpg','42390540-1e7e-4012-99c7-d79a5893dcae','jpg',148690,'2023-10-26 09:37:35','2023-10-26 09:37:35'),(283,'tmp_3eaa6161bfafc496377573385da5c15c.mp4','50e79f28-e1da-4e73-a3b9-e57f284dd0f9','mp4',3624761,'2023-10-26 09:39:17','2023-10-26 09:39:17'),(284,'tmp_7dac2559f87249355daf497823f5fd24.mp4','8f514c7f-ba49-485a-a4fa-2d05aaa76a87','mp4',3624761,'2023-10-26 09:42:56','2023-10-26 09:42:56'),(285,'tmp_557346696e4f029399d761ce8476a164.jpg','7fa48ebf-622a-42b5-aacd-80dee34b7b7c','jpg',65711,'2023-10-26 09:45:32','2023-10-26 09:45:32'),(286,'tmp_5aea53f87449ac2f88fc5a2bca4a3e4971c713adc20c86e8.jpg','0604435b-c6af-4187-98cc-fb86cf05c649','jpg',180630,'2023-10-26 09:47:02','2023-10-26 09:47:02'),(287,'tmp_89ca7e689212d62e4192a4497666f024ce3e1dd78b994c74.mp4','eb60948b-ca06-4484-a8f7-bcd09f6f6508','mp4',164944,'2023-10-27 17:53:51','2023-10-27 17:53:51'),(288,'tmp_4593334a39f6e5ab598c149e921235c315aac4f44241d855.jpg','d96a2efb-0d17-4cdf-bf67-ed4a9b7a8652','jpg',94415,'2023-10-30 15:18:26','2023-10-30 15:18:26'),(289,'tmp_b7bfe867bed8ec38b49aacc6af14898409cc7329f39998ea.mp4','fa4f90eb-c140-47d5-a8fd-0ba25929696e','mp4',168494,'2023-10-31 09:24:36','2023-10-31 09:24:36'),(290,'示例文件.zip','6c94da2a-a85b-43c3-994e-2006718def5c','zip',1572634,'2023-11-04 12:06:35','2023-11-04 12:06:35'),(291,'2LPVQgJ7Qe1925b0f64d82bdcad4fe3154a6b52a2395.mp4','c63e99cd-2bd6-48f4-a7a1-7e0bdd609aa0','mp4',130407,'2023-11-05 18:11:08','2023-11-05 18:11:08'),(292,'棒球教学.webm','d97d5fca-efda-4d51-ba31-85fa2d02ac6a','webm',3750152,'2023-11-05 18:15:32','2023-11-05 18:15:32'),(293,'棒球教学.webm','f3ee263d-4a08-4cb0-982b-c0d3af8ebdda','webm',3750152,'2023-11-05 18:15:57','2023-11-05 18:15:57'),(294,'棒球教学.webm','f07738a6-4afd-4489-b64c-9afcdb0a90ab','webm',3750152,'2023-11-05 18:21:21','2023-11-05 18:21:21'),(295,'hBgoDDvdnFbTee6e2f6606191fefad3732eb1eec949b.webm','9641dd96-08e9-4602-b83c-b03f8512f49a','webm',2537468,'2023-11-05 18:28:16','2023-11-05 18:28:16'),(296,'arkzbRQkyARk33f91fb82c4d29b4b7d54ed73ba0fbe2.png','4be3f838-213f-4514-be41-6d99f44fb8e0','png',200699,'2023-11-05 18:50:25','2023-11-05 18:50:25'),(297,'46xc38Y5rduO33f91fb82c4d29b4b7d54ed73ba0fbe2.png','0a40081c-562e-4313-895c-92bf5add0e97','png',200699,'2023-11-05 18:52:46','2023-11-05 18:52:46'),(298,'qwaAUcWeaajT33f91fb82c4d29b4b7d54ed73ba0fbe2.png','1afc7d96-7dcc-47a9-81b3-1ed70fb30a53','png',200699,'2023-11-05 18:55:37','2023-11-05 18:55:37'),(299,'BOWZeB1ZXGQU33f91fb82c4d29b4b7d54ed73ba0fbe2.png','9a853ebd-8b06-4cdb-b77d-ab4f66f171a0','png',200699,'2023-11-05 18:56:08','2023-11-05 18:56:08'),(300,'9Q5e3ZqvZ9Eh33f91fb82c4d29b4b7d54ed73ba0fbe2.png','ffdf5d13-a668-4b9d-918b-95629fada4d2','png',200699,'2023-11-05 18:59:44','2023-11-05 18:59:44'),(301,'Oh7MfzdSzfix33f91fb82c4d29b4b7d54ed73ba0fbe2.png','2890a687-66c0-43db-8fa0-c375b41f0314','png',200699,'2023-11-05 19:06:12','2023-11-05 19:06:12'),(302,'Wty1kOghl6Ov33f91fb82c4d29b4b7d54ed73ba0fbe2.png','44938146-a4da-49f1-acca-2fd49fd0bf9a','png',200699,'2023-11-05 19:10:26','2023-11-05 19:10:26'),(303,'FGpKNcVZ7ckt33f91fb82c4d29b4b7d54ed73ba0fbe2.png','44d098fd-40c2-41af-a066-6ec75ee2f613','png',200699,'2023-11-05 19:20:02','2023-11-05 19:20:02'),(304,'uqhZKRundx2x06250e0e5476f1344e51a9a95c1c4092.webm','ae92d165-d897-442a-950c-cdf5e45b7fbb','webm',2541017,'2023-11-05 19:49:00','2023-11-05 19:49:00'),(305,'bIawgK8GVEoze7349e6c0520003431e68cb906d29ab8.webm','dcc09012-443f-4fe3-86a1-484e41520256','webm',2527093,'2023-11-05 19:50:34','2023-11-05 19:50:34'),(306,'ppvnXuQuOzct0ab442fa6cd7e7b3d11aeb76b3e475f6.webm','babd8425-62d2-41ee-bf4c-a73def0be44b','webm',2449019,'2023-11-05 19:54:46','2023-11-05 19:54:46'),(307,'nOpqS3eUDsBZ6fbb9f84c3edb9ec4f3ba2a76252f182.webm','fe62c68c-1ae6-4aa8-bd59-d898cfc739d2','webm',2485066,'2023-11-05 20:05:23','2023-11-05 20:05:23'),(308,'ig2CKzCoPzId4c32ceb0cb660b3aabd5d4ee2906d261.webm','d440628f-a667-4357-9678-caa99510225f','webm',2530916,'2023-11-05 20:08:04','2023-11-05 20:08:04'),(309,'tmp_107829598636db0589380e258270740e4d8115207970c7c5.mp4','bb79b87a-e2ef-4543-85f1-eb4b20d48a56','mp4',3270347,'2023-11-05 20:19:15','2023-11-05 20:19:15'),(310,'tmp_1dc20f905512fe6e388e19bfd281fdae7e9ad227c399d9f2.mp4','3808fb97-a47a-4d85-92f6-59f8f68a4af0','mp4',3514079,'2023-11-05 20:19:35','2023-11-05 20:19:35'),(311,'tmp_d9d6222af014c278809dba7b7f33b645f3c2f130d4ff1023.mp4','7f1110fc-4d82-4086-9dc5-3dd01f5fef63','mp4',3562255,'2023-11-05 20:19:59','2023-11-05 20:19:59'),(312,'tmp_760c86719594789fb76b47272089388686d7ade318ecbe40.mp4','4844d4fd-bd1d-4878-a6c4-ae63ab52f561','mp4',300565,'2023-11-05 20:21:42','2023-11-05 20:21:42'),(313,'tmp_4e1102700bf26a84bb03042fc345ecaed67b4c0cd55da649.mp4','bcf92c49-9a21-43f0-bbc5-e59198109ad0','mp4',2936783,'2023-11-05 20:27:02','2023-11-05 20:27:02'),(314,'tmp_d80ebf14efd4761d1ddf9f86f10692ac4fe1d73f85f28925.mp4','3aaaa5c8-d6d4-4154-946e-f3fefa936927','mp4',1883348,'2023-11-05 21:45:42','2023-11-05 21:45:42'),(315,'tmp_25dfcf3bab0a7e8b088c115578ad94d7458107f0dcc51929.mp4','aeafaf2c-f35d-4433-b5f0-4c0b421d59ef','mp4',3331071,'2023-11-05 21:45:45','2023-11-05 21:45:45'),(316,'tmp_4206af77e9bcfd5de3600411649c6a29f0a40ac4513f5c95.mp4','5ae20382-65ac-4821-ac49-a31d2e047078','mp4',2729459,'2023-11-05 21:47:27','2023-11-05 21:47:27'),(317,'tmp_7c651be06ee65a5709252d038ab0e29a7ab21669cc23c9f9.mp4','81c58b0b-31f1-4b19-8def-647c7216e434','mp4',1381161,'2023-11-06 00:07:39','2023-11-06 00:07:39'),(318,'tmp_968d9e411a92c6d90247b6a058895eba70b57ee3a750ee70.mp4','ac6cad98-be04-4b26-932a-3b0981fe7876','mp4',70913,'2023-11-06 00:40:23','2023-11-06 00:40:23'),(319,'tmp_73783379d9d6c6769fcf02962854f2b9a5907500424edc70.mp4','caf95718-9567-4bb0-b0b9-8c81baa230a0','mp4',63581,'2023-11-06 00:44:57','2023-11-06 00:44:57'),(320,'tmp_2bf57707f577e7f1d45286891bb618362492518095cee01d.mp4','74ededf7-59a3-48b3-8a78-da74e2a3772e','mp4',1510148,'2023-11-09 23:25:29','2023-11-09 23:25:29');
/*!40000 ALTER TABLE `resources` ENABLE KEYS */;
UNLOCK TABLES;

--
-- Table structure for table `spot_history`
--

DROP TABLE IF EXISTS `spot_history`;
/*!40101 SET @saved_cs_client     = @@character_set_client */;
/*!40101 SET character_set_client = utf8 */;
CREATE TABLE `spot_history` (
  `id` int(11) NOT NULL AUTO_INCREMENT COMMENT 'ID',
  `link_code` varchar(36) DEFAULT NULL COMMENT '小程序链接码',
  `user_id` int(11) DEFAULT NULL COMMENT '用户ID',
  `algorithm_id` int(11) DEFAULT NULL COMMENT '算法ID',
  `result` json DEFAULT NULL COMMENT '分析结果',
  `suggest` text COMMENT '建议',
  `file` varchar(255) DEFAULT NULL COMMENT '识别媒体文件',
  `create_time` datetime DEFAULT NULL COMMENT '使用时间',
  PRIMARY KEY (`id`)
) ENGINE=InnoDB AUTO_INCREMENT=62 DEFAULT CHARSET=utf8mb4 COMMENT='识别历史表';
/*!40101 SET character_set_client = @saved_cs_client */;

--
-- Dumping data for table `spot_history`
--

LOCK TABLES `spot_history` WRITE;
/*!40000 ALTER TABLE `spot_history` DISABLE KEYS */;
INSERT INTO `spot_history` VALUES (15,'3b3baff4-129a-4bf6-ae91-98da4102e6f9',8,1,'{\"score\": {\"姿势评分\": 87, \"速度评分\": 80, \"准确率评分\": 82, \"完成度评分\": 82, \"动作幅度评分\": 83}, \"ability\": {\"动作准确\": 87, \"有氧能力\": 82, \"柔韧伸展\": 83, \"灵活敏捷\": 82, \"肌肉力量\": 80}}','建议','9641dd96-08e9-4602-b83c-b03f8512f49a.webm','2023-10-20 21:40:33'),(16,'3b3baff4-129a-4bf6-ae91-98da4102e6f9',8,15,'{\"score\": {\"姿势评分\": 83, \"速度评分\": 85, \"准确率评分\": 88, \"完成度评分\": 83, \"动作幅度评分\": 80}, \"ability\": {\"动作准确\": 83, \"有氧能力\": 88, \"柔韧伸展\": 80, \"灵活敏捷\": 83, \"肌肉力量\": 85}}','建议','58903de4-f136-4a20-b8be-cfa2906fabae.jpg','2023-10-20 22:14:15'),(17,'3b3baff4-129a-4bf6-ae91-98da4102e6f9',11,1,'{\"score\": {\"姿势评分\": 82, \"速度评分\": 82, \"准确率评分\": 85, \"完成度评分\": 84, \"动作幅度评分\": 88}, \"ability\": {\"动作准确\": 82, \"有氧能力\": 85, \"柔韧伸展\": 88, \"灵活敏捷\": 84, \"肌肉力量\": 82}}','建议','9641dd96-08e9-4602-b83c-b03f8512f49a.webm','2023-10-21 22:18:28'),(18,'3b3baff4-129a-4bf6-ae91-98da4102e6f9',8,1,'{\"score\": {\"姿势评分\": 82, \"速度评分\": 81, \"准确率评分\": 84, \"完成度评分\": 85, \"动作幅度评分\": 89}, \"ability\": {\"动作准确\": 82, \"有氧能力\": 84, \"柔韧伸展\": 89, \"灵活敏捷\": 85, \"肌肉力量\": 81}}','建议','0f3ca251-d9b6-4c50-9197-fa23081e7303.jpg','2023-10-22 10:20:06'),(19,'3b3baff4-129a-4bf6-ae91-98da4102e6f9',8,15,'{\"score\": {\"姿势评分\": 85, \"速度评分\": 84, \"准确率评分\": 88, \"完成度评分\": 90, \"动作幅度评分\": 84}, \"ability\": {\"动作准确\": 85, \"有氧能力\": 88, \"柔韧伸展\": 84, \"灵活敏捷\": 90, \"肌肉力量\": 84}}','建议','37979fc3-4b4b-45fe-97b4-2537e7ce74c1.jpg','2023-10-22 10:20:36'),(20,'3b3baff4-129a-4bf6-ae91-98da4102e6f9',8,15,'{\"score\": {\"姿势评分\": 89, \"速度评分\": 80, \"准确率评分\": 88, \"完成度评分\": 83, \"动作幅度评分\": 86}, \"ability\": {\"动作准确\": 89, \"有氧能力\": 88, \"柔韧伸展\": 86, \"灵活敏捷\": 83, \"肌肉力量\": 80}}','建议','e95fa6b0-aeaf-4ea9-aa28-d4a2bf50fadb.jpg','2023-10-22 10:22:43'),(21,'3b3baff4-129a-4bf6-ae91-98da4102e6f9',11,15,'{\"score\": {\"球速评分\": 80, \"投篮时机评分\": 83, \"起跳姿势评分\": 81, \"手腕标准度评分\": 88, \"投篮命中率评分\": 86}, \"ability\": {\"动作准确\": 81, \"有氧能力\": 86, \"柔韧伸展\": 88, \"灵活敏捷\": 83, \"肌肉力量\": 80}}','建议','9641dd96-08e9-4602-b83c-b03f8512f49a.webm','2023-10-22 11:28:05'),(22,'3b3baff4-129a-4bf6-ae91-98da4102e6f9',8,15,'{\"score\": {\"姿势评分\": 89, \"速度评分\": 81, \"准确率评分\": 89, \"完成度评分\": 88, \"动作幅度评分\": 89}, \"ability\": {\"动作准确\": 89, \"有氧能力\": 89, \"柔韧伸展\": 89, \"灵活敏捷\": 88, \"肌肉力量\": 81}}','建议','d3f8ea46-1159-488b-9525-22328f8f48af.jpg','2023-10-22 11:32:52'),(23,'3b3baff4-129a-4bf6-ae91-98da4102e6f9',11,15,'{\"score\": {\"球速评分\": 82, \"投篮时机评分\": 82, \"起跳姿势评分\": 85, \"手腕标准度评分\": 83, \"投篮命中率评分\": 81}, \"ability\": {\"动作准确\": 85, \"有氧能力\": 81, \"柔韧伸展\": 83, \"灵活敏捷\": 82, \"肌肉力量\": 82}}','建议','9641dd96-08e9-4602-b83c-b03f8512f49a.webm','2023-10-22 11:33:21'),(24,'3b3baff4-129a-4bf6-ae91-98da4102e6f9',8,15,'{\"score\": {\"姿势评分\": 80, \"速度评分\": 83, \"准确率评分\": 84, \"完成度评分\": 81, \"动作幅度评分\": 88}, \"ability\": {\"动作准确\": 80, \"有氧能力\": 84, \"柔韧伸展\": 88, \"灵活敏捷\": 81, \"肌肉力量\": 83}}','建议','f0db8c4a-0a59-4cb0-8af9-71fa5b6a3e28.mp4','2023-10-22 11:33:29'),(25,'3b3baff4-129a-4bf6-ae91-98da4102e6f9',8,15,'{\"score\": {\"球速评分\": 81, \"投篮时机评分\": 82, \"起跳姿势评分\": 83, \"手腕标准度评分\": 82, \"投篮命中率评分\": 89}, \"ability\": {\"动作准确\": 83, \"有氧能力\": 89, \"柔韧伸展\": 82, \"灵活敏捷\": 82, \"肌肉力量\": 81}}','建议','6da784e3-cb93-4348-8678-d2cd14763f79.jpg','2023-10-22 11:33:46'),(26,'3b3baff4-129a-4bf6-ae91-98da4102e6f9',8,1,'{\"score\": {\"姿势评分\": 87, \"速度评分\": 84, \"准确率评分\": 90, \"完成度评分\": 87, \"动作幅度评分\": 80}, \"ability\": {\"动作准确\": 87, \"有氧能力\": 90, \"柔韧伸展\": 80, \"灵活敏捷\": 87, \"肌肉力量\": 84}}','建议','770f0738-0b21-404e-8449-5c04b90f424a.jpg','2023-10-22 11:34:20'),(27,'3b3baff4-129a-4bf6-ae91-98da4102e6f9',8,15,'{\"score\": {\"球速评分\": 83, \"投篮时机评分\": 86, \"起跳姿势评分\": 86, \"手腕标准度评分\": 83, \"投篮命中率评分\": 80}, \"ability\": {\"动作准确\": 86, \"有氧能力\": 80, \"柔韧伸展\": 83, \"灵活敏捷\": 86, \"肌肉力量\": 83}}','建议','80a44fe0-7997-4fd1-9379-a512f38a48c8.jpg','2023-10-22 11:35:10'),(28,'3b3baff4-129a-4bf6-ae91-98da4102e6f9',11,15,'{\"score\": {\"球速评分\": 87, \"投篮时机评分\": 83, \"起跳姿势评分\": 83, \"手腕标准度评分\": 83, \"投篮命中率评分\": 85}, \"ability\": {\"动作准确\": 83, \"有氧能力\": 85, \"柔韧伸展\": 83, \"灵活敏捷\": 83, \"肌肉力量\": 87}}','建议','9641dd96-08e9-4602-b83c-b03f8512f49a.webm','2023-10-22 11:35:43'),(29,'3b3baff4-129a-4bf6-ae91-98da4102e6f9',14,1,'{\"score\": {\"姿势评分\": 89, \"速度评分\": 85, \"准确率评分\": 80, \"完成度评分\": 90, \"动作幅度评分\": 82}, \"ability\": {\"动作准确\": 89, \"有氧能力\": 80, \"柔韧伸展\": 82, \"灵活敏捷\": 90, \"肌肉力量\": 85}}','建议','01be7aae-85fc-4cd0-8a3e-531c435d84c0.jpg','2023-10-26 09:30:52'),(30,'3b3baff4-129a-4bf6-ae91-98da4102e6f9',14,1,'{\"score\": {\"姿势评分\": 85, \"速度评分\": 88, \"准确率评分\": 87, \"完成度评分\": 82, \"动作幅度评分\": 82}, \"ability\": {\"动作准确\": 85, \"有氧能力\": 87, \"柔韧伸展\": 82, \"灵活敏捷\": 82, \"肌肉力量\": 88}}','建议','42390540-1e7e-4012-99c7-d79a5893dcae.jpg','2023-10-26 09:37:36'),(31,'3b3baff4-129a-4bf6-ae91-98da4102e6f9',14,1,'{\"score\": {\"姿势评分\": 84, \"速度评分\": 85, \"准确率评分\": 82, \"完成度评分\": 81, \"动作幅度评分\": 84}, \"ability\": {\"动作准确\": 84, \"有氧能力\": 82, \"柔韧伸展\": 84, \"灵活敏捷\": 81, \"肌肉力量\": 85}}','建议','50e79f28-e1da-4e73-a3b9-e57f284dd0f9.mp4','2023-10-26 09:39:18'),(32,'3b3baff4-129a-4bf6-ae91-98da4102e6f9',14,1,'{\"score\": {\"姿势评分\": 86, \"速度评分\": 80, \"准确率评分\": 81, \"完成度评分\": 84, \"动作幅度评分\": 86}, \"ability\": {\"动作准确\": 86, \"有氧能力\": 81, \"柔韧伸展\": 86, \"灵活敏捷\": 84, \"肌肉力量\": 80}}','建议','8f514c7f-ba49-485a-a4fa-2d05aaa76a87.mp4','2023-10-26 09:42:56'),(33,'3b3baff4-129a-4bf6-ae91-98da4102e6f9',14,1,'{\"score\": {\"姿势评分\": 88, \"速度评分\": 88, \"准确率评分\": 84, \"完成度评分\": 81, \"动作幅度评分\": 82}, \"ability\": {\"动作准确\": 88, \"有氧能力\": 84, \"柔韧伸展\": 82, \"灵活敏捷\": 81, \"肌肉力量\": 88}}','建议','7fa48ebf-622a-42b5-aacd-80dee34b7b7c.jpg','2023-10-26 09:45:32'),(34,'3b3baff4-129a-4bf6-ae91-98da4102e6f9',13,1,'{\"score\": {\"姿势评分\": 81, \"速度评分\": 80, \"准确率评分\": 90, \"完成度评分\": 89, \"动作幅度评分\": 84}, \"ability\": {\"动作准确\": 81, \"有氧能力\": 90, \"柔韧伸展\": 84, \"灵活敏捷\": 89, \"肌肉力量\": 80}}','建议','0604435b-c6af-4187-98cc-fb86cf05c649.jpg','2023-10-26 09:47:01'),(35,'3b3baff4-129a-4bf6-ae91-98da4102e6f9',8,1,'{\"score\": {\"姿势评分\": 89, \"速度评分\": 84, \"准确率评分\": 87, \"完成度评分\": 90, \"动作幅度评分\": 81}, \"ability\": {\"动作准确\": 89, \"有氧能力\": 87, \"柔韧伸展\": 81, \"灵活敏捷\": 90, \"肌肉力量\": 84}}','建议','eb60948b-ca06-4484-a8f7-bcd09f6f6508.mp4','2023-10-27 17:53:51'),(36,'3b3baff4-129a-4bf6-ae91-98da4102e6f9',8,15,'{\"score\": {\"球速评分\": 87, \"投篮时机评分\": 90, \"起跳姿势评分\": 83, \"手腕标准度评分\": 90, \"投篮命中率评分\": 83}, \"ability\": {\"动作准确\": 83, \"有氧能力\": 83, \"柔韧伸展\": 90, \"灵活敏捷\": 90, \"肌肉力量\": 87}}','建议','d96a2efb-0d17-4cdf-bf67-ed4a9b7a8652.jpg','2023-10-30 15:18:25'),(37,'3b3baff4-129a-4bf6-ae91-98da4102e6f9',8,1,'{\"score\": {\"姿势评分\": 80, \"速度评分\": 83, \"准确率评分\": 89, \"完成度评分\": 82, \"动作幅度评分\": 82}, \"ability\": {\"动作准确\": 80, \"有氧能力\": 89, \"柔韧伸展\": 82, \"灵活敏捷\": 82, \"肌肉力量\": 83}}','建议','fa4f90eb-c140-47d5-a8fd-0ba25929696e.mp4','2023-10-31 09:24:36'),(38,'3b3baff4-129a-4bf6-ae91-98da4102e6f9',11,1,'{\"score\": {\"姿势评分\": 80, \"速度评分\": 87, \"准确率评分\": 84, \"完成度评分\": 83, \"动作幅度评分\": 87}, \"ability\": {\"动作准确\": 80, \"有氧能力\": 84, \"柔韧伸展\": 87, \"灵活敏捷\": 83, \"肌肉力量\": 87}}','建议','c63e99cd-2bd6-48f4-a7a1-7e0bdd609aa0.mp4','2023-11-05 18:11:11'),(39,'3b3baff4-129a-4bf6-ae91-98da4102e6f9',8,1,'{}','asdfasdf','123','2023-11-05 18:51:04'),(40,'3b3baff4-129a-4bf6-ae91-98da4102e6f9',11,1,'{\"score\": {\"姿势评分\": 89, \"速度评分\": 89, \"准确率评分\": 86, \"完成度评分\": 82, \"动作幅度评分\": 89}, \"ability\": {\"动作准确\": 89, \"有氧能力\": 86, \"柔韧伸展\": 89, \"灵活敏捷\": 82, \"肌肉力量\": 89}}','[\"练习准确的传球和射门技巧！\",\"提高团队合作和战术配合！\",\"注意防守时的位置控制和抢断技巧！\"]','9a853ebd-8b06-4cdb-b77d-ab4f66f171a0.png','2023-11-05 18:56:09'),(41,'3b3baff4-129a-4bf6-ae91-98da4102e6f9',11,1,'{\"score\": {\"姿势评分\": 83, \"速度评分\": 84, \"准确率评分\": 90, \"完成度评分\": 83, \"动作幅度评分\": 83}, \"ability\": {\"动作准确\": 83, \"有氧能力\": 90, \"柔韧伸展\": 83, \"灵活敏捷\": 83, \"肌肉力量\": 84}}','[\"练习准确的传球和射门技巧！\",\"提高团队合作和战术配合！\",\"注意防守时的位置控制和抢断技巧！\"]','ffdf5d13-a668-4b9d-918b-95629fada4d2.png','2023-11-05 18:59:45'),(42,'3b3baff4-129a-4bf6-ae91-98da4102e6f9',11,1,'{\"score\": {\"姿势评分\": 85, \"速度评分\": 89, \"准确率评分\": 89, \"完成度评分\": 90, \"动作幅度评分\": 87}, \"ability\": {\"动作准确\": 85, \"有氧能力\": 89, \"柔韧伸展\": 87, \"灵活敏捷\": 90, \"肌肉力量\": 89}}','[\"练习准确的传球和射门技巧！\",\"提高团队合作和战术配合！\",\"注意防守时的位置控制和抢断技巧！\"]','2890a687-66c0-43db-8fa0-c375b41f0314.png','2023-11-05 19:06:13'),(43,'3b3baff4-129a-4bf6-ae91-98da4102e6f9',11,1,'{\"score\": {\"姿势评分\": 85, \"速度评分\": 86, \"准确率评分\": 84, \"完成度评分\": 87, \"动作幅度评分\": 82}, \"ability\": {\"动作准确\": 85, \"有氧能力\": 84, \"柔韧伸展\": 82, \"灵活敏捷\": 87, \"肌肉力量\": 86}}','[\"练习准确的传球和射门技巧！\",\"提高团队合作和战术配合！\",\"注意防守时的位置控制和抢断技巧！\"]','44938146-a4da-49f1-acca-2fd49fd0bf9a.png','2023-11-05 19:10:27'),(44,'3b3baff4-129a-4bf6-ae91-98da4102e6f9',11,1,'{\"score\": {\"姿势评分\": 82, \"速度评分\": 83, \"准确率评分\": 82, \"完成度评分\": 85, \"动作幅度评分\": 87}, \"ability\": {\"动作准确\": 82, \"有氧能力\": 82, \"柔韧伸展\": 87, \"灵活敏捷\": 85, \"肌肉力量\": 83}}','[\"练习准确的传球和射门技巧！\",\"提高团队合作和战术配合！\",\"注意防守时的位置控制和抢断技巧！\"]','44d098fd-40c2-41af-a066-6ec75ee2f613.png','2023-11-05 19:20:03'),(45,'3b3baff4-129a-4bf6-ae91-98da4102e6f9',11,1,'{\"score\": {\"姿势评分\": 80, \"速度评分\": 88, \"准确率评分\": 84, \"完成度评分\": 87, \"动作幅度评分\": 85}, \"ability\": {\"动作准确\": 80, \"有氧能力\": 84, \"柔韧伸展\": 85, \"灵活敏捷\": 87, \"肌肉力量\": 88}}','[\"练习准确的传球和射门技巧！\",\"提高团队合作和战术配合！\",\"注意防守时的位置控制和抢断技巧！\"]','ae92d165-d897-442a-950c-cdf5e45b7fbb.webm','2023-11-05 19:49:01'),(46,'3b3baff4-129a-4bf6-ae91-98da4102e6f9',11,1,'{\"score\": {\"姿势评分\": 89, \"速度评分\": 86, \"准确率评分\": 84, \"完成度评分\": 84, \"动作幅度评分\": 81}, \"ability\": {\"动作准确\": 89, \"有氧能力\": 84, \"柔韧伸展\": 81, \"灵活敏捷\": 84, \"肌肉力量\": 86}}','[\"练习准确的传球和射门技巧！\",\"提高团队合作和战术配合！\",\"注意防守时的位置控制和抢断技巧！\"]','dcc09012-443f-4fe3-86a1-484e41520256.webm','2023-11-05 19:50:37'),(47,'3b3baff4-129a-4bf6-ae91-98da4102e6f9',11,1,'{\"score\": {\"姿势评分\": 82, \"速度评分\": 84, \"准确率评分\": 86, \"完成度评分\": 83, \"动作幅度评分\": 86}, \"ability\": {\"动作准确\": 82, \"有氧能力\": 86, \"柔韧伸展\": 86, \"灵活敏捷\": 83, \"肌肉力量\": 84}}','[\"练习准确的传球和射门技巧！\",\"提高团队合作和战术配合！\",\"注意防守时的位置控制和抢断技巧！\"]','babd8425-62d2-41ee-bf4c-a73def0be44b.webm','2023-11-05 19:54:47'),(48,'3b3baff4-129a-4bf6-ae91-98da4102e6f9',11,16,'{\"score\": {\"反手控制评分\": 83, \"进攻策略评分\": 82, \"防守技巧评分\": 80, \"发球准确度评分\": 88, \"接发球反应评分\": 90}, \"ability\": {\"反手技术\": 83, \"发球技术\": 88, \"进攻技巧\": 82, \"防守能力\": 80, \"接发球能力\": 90}}','[\"练习快速的反应和灵活的球拍技巧！\",\"注意控制击球的力度和旋转！\",\"提高观察和预判对手的技术和战术！\"]','fe62c68c-1ae6-4aa8-bd59-d898cfc739d2.webm','2023-11-05 20:05:28'),(49,'3b3baff4-129a-4bf6-ae91-98da4102e6f9',11,16,'{\"score\": {\"反手控制评分\": 80, \"进攻策略评分\": 89, \"防守技巧评分\": 88, \"发球准确度评分\": 87, \"接发球反应评分\": 82}, \"ability\": {\"反手技术\": 80, \"发球技术\": 87, \"进攻技巧\": 89, \"防守能力\": 88, \"接发球能力\": 82}}','[\"练习快速的反应和灵活的球拍技巧！\",\"注意控制击球的力度和旋转！\",\"提高观察和预判对手的技术和战术！\"]','d440628f-a667-4357-9678-caa99510225f.webm','2023-11-05 20:08:17'),(50,'3b3baff4-129a-4bf6-ae91-98da4102e6f9',8,1,'{\"score\": {\"姿势评分\": 89, \"速度评分\": 82, \"准确率评分\": 90, \"完成度评分\": 85, \"动作幅度评分\": 81}, \"ability\": {\"动作准确\": 89, \"有氧能力\": 90, \"柔韧伸展\": 81, \"灵活敏捷\": 85, \"肌肉力量\": 82}}','[\"练习准确的传球和射门技巧！\",\"提高团队合作和战术配合！\",\"注意防守时的位置控制和抢断技巧！\"]','bb79b87a-e2ef-4543-85f1-eb4b20d48a56.mp4','2023-11-05 20:19:14'),(51,'3b3baff4-129a-4bf6-ae91-98da4102e6f9',8,1,'{\"score\": {\"姿势评分\": 82, \"速度评分\": 90, \"准确率评分\": 84, \"完成度评分\": 85, \"动作幅度评分\": 87}, \"ability\": {\"动作准确\": 82, \"有氧能力\": 84, \"柔韧伸展\": 87, \"灵活敏捷\": 85, \"肌肉力量\": 90}}','[\"练习准确的传球和射门技巧！\",\"提高团队合作和战术配合！\",\"注意防守时的位置控制和抢断技巧！\"]','3808fb97-a47a-4d85-92f6-59f8f68a4af0.mp4','2023-11-05 20:19:34'),(52,'3b3baff4-129a-4bf6-ae91-98da4102e6f9',8,1,'{\"score\": {\"姿势评分\": 85, \"速度评分\": 82, \"准确率评分\": 89, \"完成度评分\": 89, \"动作幅度评分\": 86}, \"ability\": {\"动作准确\": 85, \"有氧能力\": 89, \"柔韧伸展\": 86, \"灵活敏捷\": 89, \"肌肉力量\": 82}}','[\"练习准确的传球和射门技巧！\",\"提高团队合作和战术配合！\",\"注意防守时的位置控制和抢断技巧！\"]','7f1110fc-4d82-4086-9dc5-3dd01f5fef63.mp4','2023-11-05 20:19:59'),(53,'3b3baff4-129a-4bf6-ae91-98da4102e6f9',8,1,'{\"score\": {\"姿势评分\": 85, \"速度评分\": 87, \"准确率评分\": 80, \"完成度评分\": 84, \"动作幅度评分\": 85}, \"ability\": {\"动作准确\": 85, \"有氧能力\": 80, \"柔韧伸展\": 85, \"灵活敏捷\": 84, \"肌肉力量\": 87}}','[\"练习准确的传球和射门技巧！\",\"提高团队合作和战术配合！\",\"注意防守时的位置控制和抢断技巧！\"]','4844d4fd-bd1d-4878-a6c4-ae63ab52f561.mp4','2023-11-05 20:21:42'),(54,'3b3baff4-129a-4bf6-ae91-98da4102e6f9',8,1,'{\"score\": {\"姿势评分\": 87, \"速度评分\": 84, \"准确率评分\": 89, \"完成度评分\": 88, \"动作幅度评分\": 90}, \"ability\": {\"动作准确\": 87, \"有氧能力\": 89, \"柔韧伸展\": 90, \"灵活敏捷\": 88, \"肌肉力量\": 84}}','[\"练习准确的传球和射门技巧！\",\"提高团队合作和战术配合！\",\"注意防守时的位置控制和抢断技巧！\"]','bcf92c49-9a21-43f0-bbc5-e59198109ad0.mp4','2023-11-05 20:27:02'),(55,'3b3baff4-129a-4bf6-ae91-98da4102e6f9',8,3,'{\"score\": {\"姿势评分\": 89, \"速度评分\": 84, \"准确率评分\": 86, \"完成度评分\": 85, \"动作幅度评分\": 90}, \"ability\": {\"动作准确\": 89, \"有氧能力\": 86, \"柔韧伸展\": 90, \"灵活敏捷\": 85, \"肌肉力量\": 84}}','[\"提高呼吸和姿势控制，加强泳姿训练！\",\"练习正确的划水姿势和节奏！\",\"注意提高手部和脚部的协调性和力量！\"]','3aaaa5c8-d6d4-4154-946e-f3fefa936927.mp4','2023-11-05 21:45:42'),(56,'3b3baff4-129a-4bf6-ae91-98da4102e6f9',8,3,'{\"score\": {\"姿势评分\": 88, \"速度评分\": 82, \"准确率评分\": 87, \"完成度评分\": 87, \"动作幅度评分\": 82}, \"ability\": {\"动作准确\": 88, \"有氧能力\": 87, \"柔韧伸展\": 82, \"灵活敏捷\": 87, \"肌肉力量\": 82}}','[\"提高呼吸和姿势控制，加强泳姿训练！\",\"练习正确的划水姿势和节奏！\",\"注意提高手部和脚部的协调性和力量！\"]','aeafaf2c-f35d-4433-b5f0-4c0b421d59ef.mp4','2023-11-05 21:45:44'),(57,'3b3baff4-129a-4bf6-ae91-98da4102e6f9',8,3,'{\"score\": {\"姿势评分\": 81, \"速度评分\": 87, \"准确率评分\": 88, \"完成度评分\": 85, \"动作幅度评分\": 85}, \"ability\": {\"动作准确\": 81, \"有氧能力\": 88, \"柔韧伸展\": 85, \"灵活敏捷\": 85, \"肌肉力量\": 87}}','[\"提高呼吸和姿势控制，加强泳姿训练！\",\"练习正确的划水姿势和节奏！\",\"注意提高手部和脚部的协调性和力量！\"]','5ae20382-65ac-4821-ac49-a31d2e047078.mp4','2023-11-05 21:47:26'),(58,'3b3baff4-129a-4bf6-ae91-98da4102e6f9',12,15,'{\"score\": {\"球速评分\": 80, \"投篮时机评分\": 90, \"起跳姿势评分\": 83, \"手腕标准度评分\": 80, \"投篮命中率评分\": 83}, \"ability\": {\"动作准确\": 83, \"有氧能力\": 83, \"柔韧伸展\": 80, \"灵活敏捷\": 90, \"肌肉力量\": 80}}','[\"1.多注意投篮时的手部动作！\",\"2.提高运球和过人的技巧！\",\"3.注意团队合作和战术配合！\"]','81c58b0b-31f1-4b19-8def-647c7216e434.mp4','2023-11-06 00:07:39'),(59,'3b3baff4-129a-4bf6-ae91-98da4102e6f9',12,3,'{\"score\": {\"姿势评分\": 82, \"速度评分\": 87, \"准确率评分\": 83, \"完成度评分\": 83, \"动作幅度评分\": 84}, \"ability\": {\"动作准确\": 82, \"有氧能力\": 83, \"柔韧伸展\": 84, \"灵活敏捷\": 83, \"肌肉力量\": 87}}','[\"提高呼吸和姿势控制，加强泳姿训练！\",\"练习正确的划水姿势和节奏！\",\"注意提高手部和脚部的协调性和力量！\"]','ac6cad98-be04-4b26-932a-3b0981fe7876.mp4','2023-11-06 00:40:22'),(60,'3b3baff4-129a-4bf6-ae91-98da4102e6f9',12,15,'{\"score\": {\"球速评分\": 88, \"投篮时机评分\": 89, \"起跳姿势评分\": 83, \"手腕标准度评分\": 90, \"投篮命中率评分\": 89}, \"ability\": {\"动作准确\": 83, \"有氧能力\": 89, \"柔韧伸展\": 90, \"灵活敏捷\": 89, \"肌肉力量\": 88}}','[\"1.多注意投篮时的手部动作！\",\"2.提高运球和过人的技巧！\",\"3.注意团队合作和战术配合！\"]','caf95718-9567-4bb0-b0b9-8c81baa230a0.mp4','2023-11-06 00:44:57'),(61,'3b3baff4-129a-4bf6-ae91-98da4102e6f9',12,1,'{\"score\": {\"姿势评分\": 83, \"速度评分\": 85, \"准确率评分\": 89, \"完成度评分\": 84, \"动作幅度评分\": 84}, \"ability\": {\"动作准确\": 83, \"有氧能力\": 89, \"柔韧伸展\": 84, \"灵活敏捷\": 84, \"肌肉力量\": 85}}','[\"练习准确的传球和射门技巧！\",\"提高团队合作和战术配合！\",\"注意防守时的位置控制和抢断技巧！\"]','74ededf7-59a3-48b3-8a78-da74e2a3772e.mp4','2023-11-09 23:25:29');
/*!40000 ALTER TABLE `spot_history` ENABLE KEYS */;
UNLOCK TABLES;

--
-- Table structure for table `study_record`
--

DROP TABLE IF EXISTS `study_record`;
/*!40101 SET @saved_cs_client     = @@character_set_client */;
/*!40101 SET character_set_client = utf8 */;
CREATE TABLE `study_record` (
  `id` int(11) NOT NULL AUTO_INCREMENT,
  `link_code` varchar(255) DEFAULT NULL COMMENT '小程序链接码',
  `user_id` int(11) NOT NULL COMMENT '用户ID',
  `course_id` int(11) NOT NULL COMMENT '课程ID',
  `study_duration` int(11) DEFAULT NULL COMMENT '学习时长',
  `create_time` datetime NOT NULL COMMENT '创建时间',
  PRIMARY KEY (`id`)
) ENGINE=InnoDB AUTO_INCREMENT=35 DEFAULT CHARSET=utf8mb4 COMMENT='用户学习记录表';
/*!40101 SET character_set_client = @saved_cs_client */;

--
-- Dumping data for table `study_record`
--

LOCK TABLES `study_record` WRITE;
/*!40000 ALTER TABLE `study_record` DISABLE KEYS */;
INSERT INTO `study_record` VALUES (2,'3b3baff4-129a-4bf6-ae91-98da4102e6f9',8,3,5,'2023-10-17 22:47:34'),(3,'3b3baff4-129a-4bf6-ae91-98da4102e6f9',8,3,4,'2023-10-18 22:47:34'),(4,'3b3baff4-129a-4bf6-ae91-98da4102e6f9',8,1,2,'2023-10-19 22:47:34'),(5,'3b3baff4-129a-4bf6-ae91-98da4102e6f9',8,10,1,'2023-10-20 17:13:31'),(6,'3b3baff4-129a-4bf6-ae91-98da4102e6f9',9,1,2,'2023-10-20 21:19:24'),(7,'3b3baff4-129a-4bf6-ae91-98da4102e6f9',8,3,3,'2023-10-20 22:02:25'),(8,'3b3baff4-129a-4bf6-ae91-98da4102e6f9',8,3,2,'2023-10-20 22:24:11'),(9,'3b3baff4-129a-4bf6-ae91-98da4102e6f9',8,3,1,'2023-10-20 22:47:34'),(10,'3b3baff4-129a-4bf6-ae91-98da4102e6f9',11,16,1,'2023-10-21 22:14:17'),(11,'3b3baff4-129a-4bf6-ae91-98da4102e6f9',8,1,1,'2023-10-21 22:16:00'),(12,'3b3baff4-129a-4bf6-ae91-98da4102e6f9',8,13,1,'2023-10-21 22:17:01'),(13,'3b3baff4-129a-4bf6-ae91-98da4102e6f9',11,29,1,'2023-10-21 22:28:46'),(14,'3b3baff4-129a-4bf6-ae91-98da4102e6f9',11,22,NULL,'2023-10-21 22:29:32'),(15,'3b3baff4-129a-4bf6-ae91-98da4102e6f9',11,22,3,'2023-10-21 22:31:34'),(16,'3b3baff4-129a-4bf6-ae91-98da4102e6f9',11,29,3,'2023-10-21 22:37:48'),(17,'3b3baff4-129a-4bf6-ae91-98da4102e6f9',11,29,NULL,'2023-10-21 22:38:52'),(18,'3b3baff4-129a-4bf6-ae91-98da4102e6f9',11,29,1,'2023-10-21 22:39:36'),(19,'3b3baff4-129a-4bf6-ae91-98da4102e6f9',11,29,11,'2023-10-21 22:45:05'),(20,'3b3baff4-129a-4bf6-ae91-98da4102e6f9',8,29,2,'2023-10-21 22:47:08'),(21,'3b3baff4-129a-4bf6-ae91-98da4102e6f9',8,10,3,'2023-10-21 22:52:58'),(22,'3b3baff4-129a-4bf6-ae91-98da4102e6f9',8,2,2,'2023-10-21 23:32:30'),(23,'3b3baff4-129a-4bf6-ae91-98da4102e6f9',8,1,2,'2023-10-22 19:38:07'),(24,'3b3baff4-129a-4bf6-ae91-98da4102e6f9',8,13,1,'2023-10-25 09:48:43'),(25,'3b3baff4-129a-4bf6-ae91-98da4102e6f9',11,1,2,'2023-10-25 09:48:52'),(26,'3b3baff4-129a-4bf6-ae91-98da4102e6f9',12,1,1,'2023-10-25 09:49:07'),(27,'3b3baff4-129a-4bf6-ae91-98da4102e6f9',12,8,1,'2023-10-25 09:52:02'),(28,'3b3baff4-129a-4bf6-ae91-98da4102e6f9',13,8,1,'2023-10-26 09:48:35'),(29,'3b3baff4-129a-4bf6-ae91-98da4102e6f9',8,1,7,'2023-10-26 17:18:25'),(30,'3b3baff4-129a-4bf6-ae91-98da4102e6f9',8,1,1,'2023-10-27 17:46:11'),(31,'3b3baff4-129a-4bf6-ae91-98da4102e6f9',8,3,300,'2023-10-29 23:18:38'),(32,'3b3baff4-129a-4bf6-ae91-98da4102e6f9',11,1,19,'2023-11-05 20:22:57'),(33,'3b3baff4-129a-4bf6-ae91-98da4102e6f9',8,1,52,'2023-11-05 21:35:48'),(34,'3b3baff4-129a-4bf6-ae91-98da4102e6f9',12,22,18,'2023-11-06 00:42:57');
/*!40000 ALTER TABLE `study_record` ENABLE KEYS */;
UNLOCK TABLES;

--
-- Table structure for table `token`
--

DROP TABLE IF EXISTS `token`;
/*!40101 SET @saved_cs_client     = @@character_set_client */;
/*!40101 SET character_set_client = utf8 */;
CREATE TABLE `token` (
  `id` int(11) NOT NULL AUTO_INCREMENT COMMENT 'ID',
  `user_id` int(11) DEFAULT NULL COMMENT '用户ID',
  `token` varchar(255) DEFAULT NULL,
  `expire_time` datetime DEFAULT NULL COMMENT '过期时间',
  PRIMARY KEY (`id`)
) ENGINE=InnoDB AUTO_INCREMENT=15 DEFAULT CHARSET=utf8mb4 COMMENT='token';
/*!40101 SET character_set_client = @saved_cs_client */;

--
-- Dumping data for table `token`
--

LOCK TABLES `token` WRITE;
/*!40000 ALTER TABLE `token` DISABLE KEYS */;
INSERT INTO `token` VALUES (4,5,'c0586ba6356d84051a67d8efddcbad3a','2023-10-18 21:33:48'),(5,6,'594213e11ba179dc1e2910a92c39a361','2023-10-18 21:33:16'),(6,7,'33418ff8e08beaa37c63fe8632dca0c9','2023-10-21 14:36:33'),(7,8,'b4bfaa52de3ffef2ff60274b1111c003','2023-11-06 21:34:35'),(8,9,'247cea4908d3c4eab02e36eba6df4ae4','2023-10-22 19:57:01'),(9,10,'f2d593397894e8d59357977aee8cafc6','2023-10-22 20:19:14'),(10,11,'9c1e80da1c5a5e1686ff94efdf129697','2023-11-06 21:45:32'),(11,12,'f28848e89e79b1db2e2303f77ae27398','2023-11-07 00:41:43'),(12,13,'1f97dc016a8e2597639943e8f49439d8','2023-11-13 12:11:27'),(13,14,'52105282d327e048def43220f889a47c','2023-10-26 17:06:26'),(14,15,'68721ebc281c5199865f7af603cc8c2e','2023-10-27 10:03:21');
/*!40000 ALTER TABLE `token` ENABLE KEYS */;
UNLOCK TABLES;

--
-- Table structure for table `user`
--

DROP TABLE IF EXISTS `user`;
/*!40101 SET @saved_cs_client     = @@character_set_client */;
/*!40101 SET character_set_client = utf8 */;
CREATE TABLE `user` (
  `id` int(11) NOT NULL AUTO_INCREMENT,
  `link_code` varchar(36) DEFAULT NULL COMMENT '链接码',
  `type` int(11) DEFAULT NULL COMMENT '2:机构管理员 3: 学生',
  `open_id` varchar(255) DEFAULT NULL COMMENT '微信小程序open_id',
  `session_key` varchar(255) DEFAULT NULL COMMENT '微信小程序session_key',
  `nickname` varchar(50) DEFAULT NULL COMMENT '昵称',
  `gender` tinyint(1) DEFAULT NULL COMMENT '性别',
  `create_time` datetime NOT NULL COMMENT '创建时间',
  `update_time` datetime NOT NULL COMMENT '更新时间',
  PRIMARY KEY (`id`)
) ENGINE=InnoDB AUTO_INCREMENT=16 DEFAULT CHARSET=utf8mb4 COMMENT='用户表';
/*!40101 SET character_set_client = @saved_cs_client */;

--
-- Dumping data for table `user`
--

LOCK TABLES `user` WRITE;
/*!40000 ALTER TABLE `user` DISABLE KEYS */;
INSERT INTO `user` VALUES (8,'3b3baff4-129a-4bf6-ae91-98da4102e6f9',2,'oowah6zJWRLU1mVT35P_HoC9WVm0','xuUnVT8DGw16jeEi7HYl1g==','王子健',0,'2023-10-21 20:04:14','2023-10-21 20:04:14'),(11,'3b3baff4-129a-4bf6-ae91-98da4102e6f9',2,'oowah6yfDtQK-HuNkaSvny0utPCI','vN7tDEXFEks/gmh6I6GjBw==','机构管理员小雅',0,'2023-10-21 21:58:25','2023-10-21 21:58:25'),(12,'3b3baff4-129a-4bf6-ae91-98da4102e6f9',3,'oowah65b4gtYHerJYj615OJ1OjdI','J5B8s0d+ucphsPlLDAKO0w==','微信用户ILaok',0,'2023-10-25 09:12:19','2023-10-25 09:12:19'),(13,'3b3baff4-129a-4bf6-ae91-98da4102e6f9',3,'oowah63NA28xQKvBpkGe1OTS0hCk','vc67uy/VhKvPgcGSQayztw==','微信用户qxFFT',0,'2023-10-25 10:00:51','2023-10-25 10:00:51'),(14,'3b3baff4-129a-4bf6-ae91-98da4102e6f9',3,'oowah690ZxN0Uyw_BFdnaa0b4mqs','ZhdNxrB+driN1ulW09rgOg==','微信用户iSlKy',0,'2023-10-25 17:05:07','2023-10-25 17:05:07'),(15,'3b3baff4-129a-4bf6-ae91-98da4102e6f9',3,'oowah6_Ff9vEmSD15_N-kmLgjqmo','OdjSBIqfvj1LhzWwKSFPSA==','微信用户brTSI',0,'2023-10-26 10:03:21','2023-10-26 10:03:21');
/*!40000 ALTER TABLE `user` ENABLE KEYS */;
UNLOCK TABLES;
/*!40103 SET TIME_ZONE=@OLD_TIME_ZONE */;

/*!40101 SET SQL_MODE=@OLD_SQL_MODE */;
/*!40014 SET FOREIGN_KEY_CHECKS=@OLD_FOREIGN_KEY_CHECKS */;
/*!40014 SET UNIQUE_CHECKS=@OLD_UNIQUE_CHECKS */;
/*!40101 SET CHARACTER_SET_CLIENT=@OLD_CHARACTER_SET_CLIENT */;
/*!40101 SET CHARACTER_SET_RESULTS=@OLD_CHARACTER_SET_RESULTS */;
/*!40101 SET COLLATION_CONNECTION=@OLD_COLLATION_CONNECTION */;
/*!40111 SET SQL_NOTES=@OLD_SQL_NOTES */;

-- Dump completed on 2023-11-13 16:51:01
